Number, Problems to do, Number of problems, Topics
8, 12, 24, {'2.5', '2.2', '2.3', '2.4'}

email, boolean_results
coldshirt386@outlook.com,2,2,2,2,2,1,2,2,1,1,2,1,2,0,1,2,1,1,0,2,2,1,1,1
hottide46@outlook.com,2,2,1,1,1,1,1,2,2,1,1,2,2,2,1,1,1,1,2,2,2,2,1,2
oldhat278@gmail.com,1,1,1,2,1,2,1,1,1,2,0,2,1,1,1,2,2,2,2,2,2,1,2,2
tireddrum639@yahoo.com,1,1,2,2,1,1,2,2,2,2,2,2,1,1,2,1,0,1,2,2,1,0,1,2
newjug890@yahoo.com,2,1,2,2,2,1,1,1,1,1,2,2,2,1,1,1,2,1,2,2,2,2,1,1
coldtire95@outlook.com,2,1,2,2,1,1,2,2,1,1,2,2,1,1,1,2,2,2,2,1,1,2,1,1
drycola335@qq.com,1,1,2,2,1,2,2,1,2,2,1,1,1,1,1,2,1,2,2,2,1,1,2,2
dailybeans473@163.com,2,1,1,2,1,1,1,2,2,1,2,1,2,2,1,2,2,1,2,1,1,1,2,2
hotshirt73@outlook.com,2,0,1,1,2,2,2,2,1,2,1,2,1,1,1,2,1,2,2,2,1,1,2,1
freshyrug266@gmail.com,2,2,1,1,1,1,2,2,1,1,2,2,2,1,1,2,0,1,2,2,1,2,2,1
foundbeans374@yahoo.com,2,0,1,1,1,1,2,2,2,2,2,1,2,1,1,2,0,2,2,1,1,2,1,2
oldbeans933@gmail.com,2,1,2,1,2,2,2,1,2,1,1,2,2,1,1,1,1,2,1,1,2,2,2,1
hotskates841@qq.com,0,1,2,2,2,1,2,2,2,2,1,2,1,2,1,1,0,2,2,1,2,1,1,1
oldsub578@outlook.com,1,2,2,2,1,2,1,2,1,2,1,1,2,1,2,2,2,1,2,2,1,1,1,1
dirtyrug100@gmail.com,2,0,1,2,2,2,1,1,2,1,2,1,1,1,2,0,1,1,2,2,2,2,2,1
oldtire327@outlook.com,1,1,2,1,2,1,2,1,2,2,2,1,1,2,1,2,2,1,1,2,1,2,2,1
oldspice136@163.com,1,1,1,1,1,2,2,2,1,1,1,2,2,1,2,1,2,2,2,2,2,1,1,2
acientshack404@outlook.com,2,1,2,1,1,1,2,2,1,1,2,2,2,2,1,1,1,2,1,2,1,2,2,1
mostlycup117@outlook.com,1,1,2,1,1,1,2,1,2,1,1,2,2,2,1,0,2,2,2,2,1,2,1,2
deepjeep49@yahoo.com,1,2,2,2,1,1,1,1,2,1,2,1,1,2,2,2,2,1,2,2,1,1,1,2
dirtyspice836@yahoo.com,1,1,1,2,2,1,2,2,1,1,2,2,1,2,1,2,1,2,0,2,2,1,2,1
burieddrum2@yahoo.com,2,2,1,1,1,1,2,1,1,1,1,2,2,1,2,1,2,2,2,1,1,2,2,2
lostbeans973@qq.com,2,1,1,2,2,1,0,1,1,1,2,2,2,2,1,0,1,2,2,1,2,1,2,2
drytire862@yahoo.com,1,1,1,2,1,1,1,1,2,2,1,1,1,2,1,1,2,2,2,2,2,2,2,2
hotchrysler175@outlook.com,1,1,2,2,1,1,1,2,2,1,2,0,2,1,2,2,2,2,1,2,1,1,2,1
newbread880@gmail.com,2,2,1,1,2,1,2,2,2,1,2,1,1,2,1,1,1,2,1,2,1,1,2,2
usedsnake337@gmail.com,1,2,1,1,2,1,1,2,2,2,2,2,2,1,1,2,2,1,1,2,1,2,1,1
hotcup882@163.com,1,1,1,1,2,2,0,2,2,2,1,2,2,1,1,2,0,1,2,2,2,2,1,1
foundspice684@yahoo.com,2,2,1,2,2,2,2,1,2,2,0,1,0,2,2,1,1,1,1,1,2,1,2,1
milkytire690@163.com,1,2,1,2,2,2,2,2,1,1,1,2,1,1,1,1,2,2,2,1,1,1,2,2
replacementshack560@outlook.com,1,1,2,2,2,1,2,2,1,1,1,2,1,2,1,2,1,2,2,2,1,1,1,2
dailyshack508@163.com,2,2,2,2,1,2,2,2,1,1,2,1,1,2,1,2,0,2,1,1,1,2,1,1
deephat840@outlook.com,2,2,2,1,1,2,1,2,2,1,1,1,2,1,2,1,0,1,2,2,1,1,2,2
drybike206@yahoo.com,1,2,1,2,2,2,1,1,1,0,1,2,2,2,2,1,2,2,1,1,1,1,2,2
milkyrug555@outlook.com,2,2,2,1,2,2,2,1,1,1,2,1,1,1,2,1,2,2,2,2,1,1,1,1
dirtyskates896@qq.com,2,1,1,1,2,1,2,1,2,1,2,2,1,1,1,1,2,2,2,2,1,0,2,2
buriedspice622@outlook.com,1,2,2,2,1,2,1,2,1,2,1,1,2,1,1,2,2,1,1,2,2,1,1,2
newskates774@yahoo.com,2,2,1,1,2,1,1,1,2,1,2,1,2,2,1,2,1,2,2,1,2,1,1,2
buriedsnake414@163.com,2,1,1,2,1,2,1,2,2,2,1,1,1,2,1,2,1,2,2,1,2,1,1,2
dailyblanket101@outlook.com,2,2,1,1,2,1,1,1,1,2,2,2,2,1,2,1,2,1,0,2,1,2,1,2
clamyjug295@yahoo.com,2,2,2,2,2,2,2,1,1,1,1,2,1,1,2,0,2,2,0,1,1,1,2,1
retiredblanket316@163.com,1,1,1,1,1,2,2,1,1,1,2,2,1,2,1,2,1,2,2,2,2,2,2,1
dryspice209@yahoo.com,2,1,2,1,1,2,2,1,1,2,1,1,1,2,1,1,2,1,2,2,2,2,1,2
coldsub999@outlook.com,1,1,2,1,1,2,1,1,1,2,1,2,1,2,1,2,2,2,2,1,2,2,2,1
slightlysub799@qq.com,1,2,2,1,1,1,1,2,2,1,2,2,1,2,1,2,2,1,1,1,1,2,2,2
moistrug24@qq.com,1,2,2,1,1,1,1,2,2,2,1,2,2,1,2,0,2,2,1,2,1,2,1,1
replacementwindow759@qq.com,2,2,2,1,1,2,1,1,1,1,1,1,1,2,2,2,2,1,2,2,2,2,1,1
fishyhat985@gmail.com,1,1,1,2,2,2,1,1,2,1,2,2,1,1,2,0,2,2,2,2,2,1,1,1
acientsnake232@yahoo.com,1,2,2,2,2,2,1,1,1,2,1,2,1,1,1,1,1,2,0,2,2,1,2,2
dryhat642@qq.com,2,1,2,1,2,1,1,1,2,2,1,1,2,1,2,2,2,2,1,1,1,2,2,1
extrabeans598@qq.com,0,2,2,1,1,2,2,1,2,2,2,1,0,2,1,0,2,2,1,1,1,2,1,2
fishyshirt557@yahoo.com,2,2,2,1,2,2,1,2,2,2,0,1,1,1,2,2,2,2,1,1,1,0,1,1
dryblanket957@qq.com,2,1,2,2,1,1,1,1,2,1,1,2,2,2,2,1,2,2,2,1,1,0,2,1
slimyblanket902@outlook.com,1,1,2,1,2,2,1,1,2,2,1,2,2,1,2,2,2,2,0,1,2,1,1,1
usedsnake147@yahoo.com,2,1,2,1,2,2,2,2,1,2,1,1,2,1,1,2,1,1,2,1,1,1,2,2
freshyjug995@163.com,1,1,1,2,2,2,2,2,2,2,1,2,1,2,2,0,2,1,2,1,1,1,1,1
foldingshoes417@outlook.com,2,2,2,1,2,1,1,2,2,1,1,2,1,2,2,1,1,2,1,2,1,1,1,2
replacementbeans311@163.com,2,2,1,2,2,1,1,1,1,1,2,0,1,2,2,1,1,1,1,2,2,2,2,2
moistjug452@163.com,1,2,1,1,2,1,2,2,2,2,1,2,0,1,1,1,2,2,2,2,2,1,1,1
acientwindow755@yahoo.com,1,0,1,2,2,2,1,1,2,2,1,1,2,2,2,2,0,1,1,2,1,2,2,1
foldingtide175@yahoo.com,2,2,1,1,2,1,1,2,1,1,2,1,1,1,2,1,2,1,2,1,2,2,2,2
extrashoes529@163.com,2,1,2,1,2,2,1,0,1,2,0,2,2,1,2,0,2,2,2,2,1,1,1,1
tiredjeep133@qq.com,2,1,2,1,1,1,1,2,1,1,2,1,2,2,1,2,2,2,1,2,0,1,2,2
hottide242@outlook.com,1,2,2,1,1,2,1,1,2,1,1,1,2,2,1,0,1,2,0,2,2,2,2,2
slimyskates628@yahoo.com,1,1,2,2,1,2,1,1,1,1,2,1,2,1,2,2,2,1,2,1,2,2,1,2
slimyrug445@outlook.com,2,2,1,1,2,1,2,1,1,2,2,1,2,1,1,2,2,2,2,1,2,0,1,1
foundcola667@outlook.com,2,2,1,2,1,1,2,2,2,1,1,2,2,1,2,2,1,1,2,1,1,0,1,2
oldshirt678@outlook.com,0,2,2,1,2,2,0,2,1,2,2,2,1,2,1,2,1,1,1,2,1,1,1,2
milkyshack422@qq.com,0,1,1,2,2,1,2,2,1,2,1,2,2,1,2,1,2,1,2,1,1,2,1,2
milkyrug781@qq.com,1,2,2,1,2,2,2,2,1,2,1,1,0,1,1,2,2,2,2,2,1,1,1,1
deepshirt298@qq.com,1,1,1,2,2,2,2,2,1,1,2,1,1,1,2,1,1,2,2,2,2,2,1,1
foundcola777@qq.com,2,0,1,2,2,2,1,1,2,1,2,1,2,1,1,2,0,2,1,1,2,2,1,2
dirtysub196@yahoo.com,2,2,1,2,2,1,1,1,1,1,1,2,2,1,2,2,1,2,1,1,2,2,1,2
slightlyskates35@yahoo.com,2,1,2,2,1,2,2,2,2,2,1,2,1,1,2,0,1,1,2,1,1,1,1,2
acientbread230@outlook.com,2,1,2,2,2,1,2,2,1,2,1,1,1,2,1,0,2,2,0,1,2,2,1,1
deepshoes550@qq.com,2,1,2,2,1,1,2,1,2,1,2,1,1,1,1,2,2,1,1,1,2,2,2,2
extratide276@gmail.com,1,1,2,2,2,2,1,2,2,1,2,1,1,1,1,1,2,1,2,1,2,2,2,1
foundcup910@163.com,2,2,1,2,1,2,1,2,1,1,2,2,1,1,1,1,2,1,2,1,2,1,2,2
dryrug204@outlook.com,2,1,1,1,1,1,2,1,1,2,1,2,2,1,1,2,2,2,1,2,2,1,2,2
mostlyhat337@yahoo.com,2,1,1,1,1,1,2,2,1,1,2,2,2,2,2,1,1,2,2,1,1,2,1,2
oldsub584@yahoo.com,1,0,1,1,2,2,1,1,2,2,0,1,2,2,2,2,2,1,2,2,1,2,1,1
extradrum203@outlook.com,2,2,1,1,2,2,1,1,1,2,2,0,0,1,2,2,1,2,2,2,1,2,1,1
milkyhat998@yahoo.com,1,2,1,1,2,1,2,1,2,1,1,1,2,2,1,2,2,1,2,1,1,2,2,2
fishyshirt633@yahoo.com,2,2,2,2,1,1,2,2,1,2,1,1,1,1,1,2,0,2,1,2,0,2,1,2
lostcup206@yahoo.com,2,1,2,1,1,1,2,2,2,1,2,1,1,2,2,1,2,2,1,2,2,1,1,1
buriedblanket499@163.com,1,1,1,2,2,2,1,2,2,1,2,1,2,1,1,1,0,2,2,2,2,0,1,2
freshysub439@yahoo.com,1,1,1,1,2,1,2,2,2,1,1,1,2,1,2,2,1,1,2,2,1,2,2,2
retiredtire506@outlook.com,2,2,1,1,1,2,1,1,1,2,2,2,2,1,1,2,0,1,2,1,1,2,2,2
losttire994@163.com,1,1,2,1,2,2,2,1,1,2,2,1,1,2,1,1,1,2,1,2,1,2,2,2
extratire671@qq.com,1,2,1,2,2,1,2,1,2,1,2,2,1,1,2,1,0,1,1,2,2,2,2,1
tiredbeans183@gmail.com,1,1,2,2,2,2,1,2,1,2,1,1,2,2,1,1,2,1,2,2,1,2,1,1
moistcola86@yahoo.com,0,1,2,2,2,2,1,1,1,1,2,2,0,1,1,1,2,2,2,1,2,1,2,2
extracola380@gmail.com,2,2,1,2,1,1,2,1,2,2,1,1,1,2,2,2,1,1,2,2,2,1,1,1
tiredcola340@qq.com,2,1,1,2,2,1,1,2,2,1,2,1,2,2,1,2,2,2,2,1,1,1,1,1
slimydrum582@qq.com,2,1,2,2,1,1,2,1,1,2,1,1,2,2,1,2,1,2,2,2,1,1,2,1
foundblanket776@qq.com,1,1,2,2,1,2,2,1,2,1,1,1,2,2,2,1,1,2,1,1,1,2,2,2
slimyshirt853@outlook.com,2,1,1,2,1,1,2,1,2,1,2,2,0,2,1,2,2,2,0,1,2,2,1,1
milkydrum391@outlook.com,1,0,2,2,1,2,2,2,1,2,2,2,2,2,1,1,1,1,2,1,1,2,1,1
retiredtide901@yahoo.com,1,2,2,1,2,1,2,1,2,1,0,2,0,1,2,0,1,2,0,2,2,2,2,1
freshyblanket517@163.com,2,2,1,2,1,1,1,1,1,1,2,2,2,2,2,2,1,1,2,2,1,1,1,2
retiredhat160@163.com,1,2,1,1,2,1,2,1,2,2,2,1,2,2,1,0,2,1,2,2,2,1,1,1
buriedsnake150@gmail.com,2,2,1,1,2,1,2,2,2,1,2,1,1,1,1,1,2,2,1,2,2,0,1,2
buriedshack77@yahoo.com,1,2,1,1,2,2,1,1,2,1,2,2,1,1,1,2,1,2,2,2,1,1,2,2
lostwindow761@yahoo.com,1,2,1,1,1,1,2,2,1,2,2,2,1,1,2,2,0,1,2,1,1,2,2,2
retiredjeep171@gmail.com,2,1,2,1,2,2,2,1,1,2,2,2,1,2,1,2,1,1,1,2,2,1,1,1
oldjeep561@qq.com,2,2,2,1,2,1,1,2,2,2,2,2,1,1,1,2,1,2,1,1,1,1,1,2
tiredchrysler7@qq.com,1,2,1,1,1,1,1,1,1,2,1,2,2,1,2,2,2,1,2,2,1,2,2,2
slimyhat428@outlook.com,2,2,2,1,2,1,2,1,2,1,0,1,1,1,1,2,2,2,2,1,2,1,1,2
retiredcup394@yahoo.com,1,2,2,2,2,1,2,1,2,1,2,2,1,1,1,1,2,0,0,1,2,1,2,2
freshyskates144@163.com,2,2,2,2,1,1,1,2,1,1,1,2,1,2,2,2,2,2,1,2,1,1,1,1
moistwindow64@gmail.com,2,0,2,2,1,2,2,1,1,1,2,1,2,2,1,1,1,1,2,1,2,2,1,2
coldbike485@gmail.com,2,1,2,2,1,1,2,2,1,1,2,1,2,2,1,1,1,2,1,1,2,2,1,2
fishyshack646@qq.com,2,2,1,1,1,1,2,1,2,1,2,1,0,2,1,2,2,2,1,2,2,2,1,1
hotskates783@gmail.com,1,1,2,2,1,2,2,2,2,1,1,2,2,2,2,1,1,1,1,1,1,1,2,2
lostspice620@outlook.com,2,1,1,2,2,2,1,1,2,1,1,2,2,1,1,2,1,1,2,2,1,1,2,2
coldskates394@outlook.com,1,1,1,1,2,2,2,2,1,2,2,2,2,1,2,1,2,1,1,2,1,1,2,1
tiredspice862@yahoo.com,1,1,2,1,1,1,2,2,2,2,2,1,2,2,2,2,1,1,2,1,2,1,1,1
dirtybike49@outlook.com,2,2,2,2,1,1,1,1,1,1,2,1,2,2,2,1,2,1,1,2,2,1,1,2
usedskates247@qq.com,2,2,2,1,2,1,1,2,1,2,2,2,1,1,1,0,0,2,1,2,2,2,1,1
coldskates628@gmail.com,2,1,1,1,2,2,2,0,1,2,2,1,2,1,2,2,1,2,2,1,1,2,1,1
foldingskates297@outlook.com,1,2,1,2,1,1,2,1,1,2,1,1,2,2,1,1,0,2,2,1,2,2,2,2
retiredcola93@163.com,1,1,1,2,2,1,2,1,2,1,2,2,2,1,2,1,1,2,1,1,2,2,2,1
moistjeep118@yahoo.com,1,1,1,2,2,2,2,2,2,2,1,2,2,1,1,1,0,2,0,2,1,2,1,1
soiledcola741@gmail.com,1,2,1,2,1,1,2,2,1,1,1,1,1,1,2,2,1,1,2,2,2,2,2,2
tiredsub899@outlook.com,1,2,1,2,1,2,2,1,1,2,0,1,2,1,2,2,1,2,2,1,1,2,2,1
buriedbike525@163.com,2,1,2,2,1,1,2,1,2,2,2,1,1,2,1,2,2,1,2,1,1,2,1,1
tiredshoes195@163.com,1,1,2,1,1,2,2,1,2,2,2,2,1,2,2,1,1,2,1,2,1,1,2,1
foundsnake197@163.com,1,1,1,2,2,1,2,1,1,1,2,2,1,2,2,2,1,2,1,1,2,1,2,2
foldingwindow23@yahoo.com,1,1,1,2,2,1,1,2,2,2,2,1,2,2,1,1,1,1,1,1,2,2,2,2
freshyshirt918@outlook.com,2,0,2,1,2,1,1,2,1,1,0,2,2,1,1,1,2,2,2,1,2,2,1,2
moistspice317@yahoo.com,2,1,2,1,1,1,2,2,1,1,1,2,2,1,1,2,0,1,2,2,2,1,2,2
retiredsub286@gmail.com,1,1,2,1,1,2,1,2,2,1,2,2,1,2,1,0,2,1,2,2,1,1,2,2
slightlyshoes902@outlook.com,2,1,1,2,2,2,1,1,2,1,2,2,1,2,1,1,1,2,1,2,1,2,2,1
dirtytide995@qq.com,2,1,1,1,2,2,1,2,2,1,2,2,2,1,1,2,1,1,1,2,2,1,1,2
fishyshoes559@163.com,2,1,1,1,1,1,1,1,1,1,2,0,2,1,2,2,2,1,2,2,2,2,2,2
milkyskates791@qq.com,2,1,1,2,1,2,2,2,1,1,1,1,2,2,1,1,2,1,2,2,1,1,2,2
hotshack845@yahoo.com,2,2,1,1,2,2,1,2,2,1,1,1,1,2,2,2,2,1,2,2,1,1,1,0
mostlyshack129@gmail.com,2,2,2,2,2,1,0,1,1,2,2,1,0,2,1,1,1,2,2,1,1,1,2,2
newblanket246@yahoo.com,2,2,2,1,1,1,2,1,2,1,2,1,1,2,1,1,2,1,1,2,2,2,1,2
soiledcup452@outlook.com,2,0,1,1,1,2,2,2,2,1,2,2,2,1,1,2,2,1,1,1,1,2,1,2
freshyshack50@yahoo.com,2,2,2,1,2,2,1,1,2,2,0,1,2,2,1,0,0,2,2,2,1,1,1,1
hotjug361@gmail.com,1,2,1,1,2,2,1,2,1,2,2,2,1,2,1,0,1,1,1,1,2,2,2,2
slightlybeans929@163.com,2,2,1,1,1,2,1,1,2,2,1,1,2,1,2,2,0,2,1,1,1,2,2,2
retiredblanket110@yahoo.com,1,1,1,1,1,2,2,2,2,1,2,2,1,2,1,1,2,2,1,2,1,1,2,2
oldshirt551@gmail.com,2,2,1,1,2,1,1,1,2,1,2,2,2,1,2,0,1,1,2,2,2,1,2,1
extrabike745@yahoo.com,2,0,1,1,2,2,2,1,1,1,2,2,2,1,2,2,0,1,2,1,1,2,2,1
fishytire382@yahoo.com,1,0,1,2,1,1,2,2,2,1,1,2,2,1,2,2,1,2,1,2,1,2,1,2
fishytide763@qq.com,1,1,2,2,2,2,2,1,1,2,2,1,2,1,1,1,2,2,1,1,2,1,2,1
tiredspice818@yahoo.com,2,1,2,1,2,2,1,2,2,1,2,1,2,2,1,1,2,1,1,2,1,2,1,1
moistjeep419@gmail.com,2,0,1,1,2,2,2,1,1,1,1,1,2,1,2,2,2,1,2,2,1,2,1,2
deepshoes305@outlook.com,2,1,2,1,2,1,2,1,2,2,2,1,2,1,1,0,1,2,2,1,1,2,1,2
tiredjeep540@qq.com,1,1,2,2,1,2,1,2,1,1,2,1,2,2,2,0,2,1,2,1,2,1,1,2
clamychrysler929@yahoo.com,2,1,2,2,1,2,2,1,2,2,2,0,1,1,2,0,0,2,0,2,2,1,1,1
foldingsub664@163.com,2,1,2,2,1,2,2,2,1,1,1,2,2,2,1,2,0,2,1,1,2,1,1,1
oldtide8@yahoo.com,1,2,1,1,2,1,2,2,2,2,2,1,2,1,1,1,2,2,2,2,1,1,1,1
drybike107@outlook.com,2,1,2,2,2,1,2,2,2,1,0,1,1,1,1,0,1,1,1,2,2,2,2,2
moisttide780@gmail.com,2,1,1,1,1,1,2,1,2,2,1,0,1,1,2,2,1,2,2,1,2,2,2,2
replacementsnake39@outlook.com,2,1,2,2,1,2,1,2,1,1,2,1,2,2,1,2,0,1,2,1,2,2,1,1
mostlybike694@qq.com,1,1,2,1,1,1,1,1,2,1,0,1,1,2,2,2,2,2,2,2,2,1,2,2
retiredtire528@yahoo.com,1,1,2,2,2,2,1,1,2,1,2,1,2,1,2,1,1,1,0,2,2,2,1,2
moistspice279@outlook.com,1,1,1,2,2,1,2,2,1,2,2,2,2,2,2,1,1,2,1,1,1,1,1,2
slightlydrum728@gmail.com,2,1,1,2,1,2,1,2,1,2,2,2,1,2,2,2,0,1,1,2,2,0,1,1
slimybeans530@outlook.com,1,2,1,1,2,1,2,2,2,2,2,2,2,2,2,1,1,1,1,1,1,1,2,1
losttide598@qq.com,1,0,2,2,2,2,1,2,2,1,2,1,1,1,2,2,2,1,1,2,1,1,2,1
slimysnake494@yahoo.com,1,1,1,1,2,2,2,1,2,2,1,1,1,2,2,0,2,1,1,1,2,2,2,2
dryshack41@gmail.com,2,1,2,2,1,2,1,2,1,2,1,2,2,1,2,1,2,1,1,2,1,1,1,2
retiredspice754@gmail.com,2,1,1,2,1,2,2,1,2,1,1,1,2,1,2,2,2,1,2,2,2,0,1,1
mostlybread843@yahoo.com,2,2,2,1,1,1,1,2,2,1,2,2,1,1,2,0,0,2,1,1,2,1,2,2
tiredbread824@outlook.com,1,1,1,0,1,2,2,2,1,1,1,2,2,2,1,0,2,2,2,1,2,2,1,2
mostlycup251@qq.com,2,2,2,1,2,2,1,2,1,1,2,2,2,1,1,1,1,2,2,1,1,1,1,2
acientjug957@outlook.com,1,2,1,2,1,1,1,1,2,1,2,2,1,2,1,1,2,2,2,1,1,2,2,2
dailycup845@outlook.com,2,2,1,2,1,1,2,1,2,2,2,2,2,2,1,0,0,1,2,1,1,1,2,1
extrachrysler480@gmail.com,1,1,2,1,2,2,1,2,1,1,2,1,1,2,1,2,2,2,2,1,2,1,2,1
milkycola499@yahoo.com,2,1,2,2,1,1,1,1,1,2,1,2,2,1,1,1,2,2,2,1,2,1,2,2
acienttire268@outlook.com,1,1,2,2,2,1,1,2,2,1,1,1,1,2,2,1,2,2,1,1,1,2,2,2
fishybeans489@outlook.com,2,1,1,2,0,2,1,1,2,2,2,2,2,1,1,1,2,1,2,1,2,2,1,1
hothat708@gmail.com,1,2,2,1,2,1,2,1,1,2,1,2,2,1,1,2,0,2,2,2,1,0,1,2
dailyshirt933@outlook.com,2,0,2,2,0,2,2,2,1,2,1,1,1,2,2,2,2,1,0,1,1,2,1,1
milkyspice240@gmail.com,2,2,1,2,1,2,2,2,1,1,1,1,2,2,1,1,1,1,2,2,1,2,2,1
clamyspice574@outlook.com,1,0,2,1,0,2,2,2,1,1,2,1,1,2,1,2,2,1,2,2,1,2,2,1
buriedshoes139@yahoo.com,2,1,2,2,0,1,1,1,1,1,1,2,1,1,2,2,2,2,2,2,1,1,2,2
moistcola703@outlook.com,2,2,1,2,1,2,1,2,1,2,1,1,2,1,1,2,2,1,2,2,1,2,1,1
buriedcola402@gmail.com,2,1,2,2,2,2,2,2,1,2,1,2,1,1,1,2,2,1,2,1,1,1,1,1
foundshirt98@163.com,1,1,1,1,1,1,2,1,1,2,1,1,1,2,1,2,2,2,2,2,2,2,2,2
lostspice767@outlook.com,2,1,2,1,2,2,2,1,2,1,1,1,2,2,2,0,2,1,1,1,2,1,1,2
dailychrysler408@outlook.com,1,1,1,1,1,1,2,2,2,1,2,1,1,2,2,2,1,1,2,1,2,2,2,2
slimyblanket822@qq.com,1,2,1,2,2,2,1,2,1,1,2,2,1,1,1,2,2,1,2,1,1,2,1,2
tiredtire198@gmail.com,2,1,2,1,1,1,1,2,1,2,2,1,1,2,2,2,2,1,2,1,1,2,2,1
newdrum970@yahoo.com,1,2,1,2,1,2,1,2,1,2,1,2,1,2,1,2,2,1,2,2,1,1,1,2
slimyblanket246@qq.com,1,2,1,1,1,1,1,2,2,1,2,2,2,1,2,2,1,2,2,1,1,2,2,1
retiredbike800@gmail.com,2,1,1,1,1,2,2,1,2,2,2,1,2,2,2,1,2,1,1,1,1,2,2,1
tiredchrysler132@qq.com,2,2,1,1,1,1,2,2,1,1,1,2,2,1,1,2,2,2,2,1,1,2,1,2
buriedwindow946@outlook.com,2,1,2,2,1,2,1,1,1,2,1,2,2,1,2,2,1,2,1,2,1,1,1,2
lostwindow543@163.com,2,1,2,1,2,2,1,1,1,2,2,2,1,1,2,2,2,1,1,1,2,2,1,1
usedskates205@gmail.com,2,2,2,1,2,1,1,1,2,2,1,1,2,1,1,2,1,2,1,1,2,1,2,2
acientshirt593@outlook.com,2,1,2,1,2,1,2,2,1,1,1,1,1,1,2,1,2,2,0,2,1,2,2,2
slimychrysler989@outlook.com,2,0,1,1,1,1,1,2,1,2,1,2,2,1,2,2,2,1,2,1,2,2,2,1
newbeans488@qq.com,1,1,1,2,2,1,1,2,1,2,1,0,1,2,2,2,2,1,2,2,2,2,1,1
tiredtide19@163.com,2,2,1,1,2,2,2,1,1,1,1,1,1,1,2,2,1,2,0,2,1,2,2,2
acientbike184@gmail.com,2,0,1,2,2,1,0,2,2,1,2,1,2,1,2,1,1,1,2,2,2,1,2,1
milkysub814@outlook.com,1,0,2,1,2,2,1,2,1,2,0,1,2,1,2,1,1,2,2,1,2,2,1,2
hotbread728@yahoo.com,1,2,2,2,1,2,2,1,1,1,2,2,1,1,1,2,2,2,2,1,2,1,1,1
moistbread549@outlook.com,1,2,1,2,2,2,2,1,1,1,1,2,2,1,2,1,1,1,2,2,1,2,1,2
milkywindow316@163.com,1,2,2,1,1,2,2,1,2,2,1,1,2,1,1,2,1,2,1,1,1,2,2,2
milkyskates754@yahoo.com,1,2,2,1,2,0,2,2,1,1,2,1,1,2,1,1,2,2,2,2,1,1,1,2
newcup28@163.com,2,1,2,2,2,1,1,2,1,2,2,1,1,1,2,1,2,1,2,1,1,1,2,2
hotchrysler631@gmail.com,2,2,1,2,2,1,2,1,1,1,1,1,1,2,1,2,2,2,2,2,2,1,1,1
usedshirt710@gmail.com,2,2,1,1,1,1,2,1,1,2,2,2,1,2,2,2,2,1,2,1,2,1,1,1
acientshirt486@yahoo.com,2,0,2,1,2,2,1,2,2,1,2,1,2,1,2,2,1,1,1,1,1,2,2,1
drydrum594@yahoo.com,1,1,1,2,2,1,2,1,2,1,2,2,1,1,1,2,2,2,2,1,1,2,2,1
mostlytire301@qq.com,1,2,1,1,1,1,1,1,2,2,1,2,2,1,2,1,2,2,2,1,2,2,2,1
dirtyhat258@qq.com,2,0,2,2,2,2,2,1,2,1,2,2,1,1,1,1,0,2,1,1,2,1,1,2
retiredbike373@qq.com,1,0,2,1,1,2,2,1,2,2,2,1,1,2,2,2,0,2,1,1,2,2,1,1
extrahat628@outlook.com,2,2,2,2,1,1,1,2,1,1,2,1,1,2,1,1,2,1,2,1,2,1,2,2
milkyhat762@gmail.com,1,1,1,1,2,1,2,2,1,2,1,1,2,2,2,2,2,1,1,2,1,2,2,1
lostskates228@yahoo.com,2,2,1,1,1,2,2,0,1,1,2,2,1,1,2,2,2,1,2,1,2,1,1,2
usedtide357@qq.com,2,1,1,1,2,2,2,2,2,1,2,1,2,1,2,1,2,2,1,1,1,1,1,2
retiredsnake140@qq.com,2,1,2,2,1,1,1,2,2,1,2,2,2,2,1,1,1,2,1,1,1,1,2,2
tiredcola915@gmail.com,2,2,2,2,2,2,2,1,2,2,0,1,1,1,1,2,2,1,1,1,1,1,1,2
hotchrysler820@yahoo.com,2,1,2,1,2,2,1,2,2,2,1,1,1,2,2,0,2,1,2,2,1,1,1,1
newtide488@qq.com,2,1,2,1,1,2,2,1,2,2,2,1,1,2,1,2,2,1,2,1,1,1,1,2
milkychrysler332@qq.com,2,2,1,1,2,2,1,1,2,1,1,2,2,1,1,0,2,2,2,1,2,2,1,1
freshyshoes248@yahoo.com,2,1,2,1,1,2,1,1,2,1,2,2,1,2,1,2,2,2,1,1,2,2,1,1
drytire73@yahoo.com,1,2,2,2,1,2,1,2,1,1,1,1,2,1,1,2,1,1,2,1,2,2,2,2
retiredjeep338@outlook.com,2,1,1,2,2,2,1,2,1,2,1,2,1,1,1,1,2,2,2,2,1,1,2,1
dirtychrysler560@outlook.com,2,2,2,2,2,1,1,2,1,1,1,2,1,2,2,1,1,1,1,1,2,2,2,1
moistbread762@qq.com,2,1,2,1,2,2,1,1,1,1,2,1,1,1,2,2,2,2,1,2,2,2,1,1
slimyshirt440@yahoo.com,1,2,1,2,2,1,1,2,2,1,1,1,0,2,1,1,2,2,2,2,2,1,1,2
acientbike431@163.com,1,2,2,1,1,0,1,2,2,1,1,1,2,2,2,2,0,2,1,2,2,2,1,1
clamywindow715@qq.com,2,2,2,2,1,2,1,2,2,2,2,2,1,1,1,1,0,1,2,2,1,1,1,1
freshychrysler207@qq.com,1,2,2,1,2,2,1,2,1,2,2,1,1,2,2,0,1,2,1,1,1,2,2,1
deeptire292@outlook.com,1,2,2,1,2,1,1,2,2,2,2,2,2,1,2,2,0,2,1,1,1,1,1,1
moistbeans230@qq.com,2,2,2,1,2,1,2,1,2,1,2,2,1,1,1,2,0,1,1,1,2,0,2,2
deepcola31@163.com,1,2,2,2,2,2,2,1,1,1,2,1,1,1,1,1,2,1,1,2,2,2,2,1
freshytire615@outlook.com,2,2,2,2,1,1,2,1,1,2,1,1,1,1,2,1,0,2,1,2,2,2,2,1
foldingchrysler99@qq.com,2,1,2,2,2,2,2,1,1,2,2,1,1,2,2,1,1,1,1,2,1,1,2,1
foldingjug393@outlook.com,1,1,1,2,2,2,1,1,1,1,2,2,1,1,2,1,2,2,2,2,2,1,2,1
newtide833@yahoo.com,2,0,1,2,1,2,1,2,1,2,2,1,1,2,1,2,2,1,2,2,1,2,1,1
slightlytide169@qq.com,1,2,2,2,1,2,2,2,2,2,1,1,2,2,1,1,1,1,1,1,2,1,2,1
slimyspice620@yahoo.com,2,1,1,1,1,2,2,2,2,2,2,1,1,2,1,1,1,1,2,2,2,2,1,1
slightlytire139@outlook.com,2,2,2,2,1,1,1,1,1,0,2,2,2,2,2,0,2,1,1,1,1,2,1,2
replacementsub235@outlook.com,2,2,1,1,1,2,2,1,2,2,2,1,1,2,1,1,2,1,1,2,2,1,1,2
milkybread26@outlook.com,2,0,2,2,1,2,2,1,2,0,1,2,2,1,1,2,1,2,1,1,2,1,1,2
retiredrug202@yahoo.com,2,1,2,2,1,1,2,1,1,1,2,2,2,2,2,2,1,1,1,1,2,2,1,1
slimytire44@163.com,2,1,2,1,1,2,1,1,2,2,2,1,1,2,2,1,1,2,0,1,1,2,2,2
clamycup310@outlook.com,1,2,2,2,1,1,1,1,2,1,1,0,2,2,2,2,1,2,2,2,1,1,1,2
foundbike485@qq.com,2,2,2,1,1,2,1,2,1,2,2,2,1,1,1,1,2,1,2,1,2,1,1,2
clamyskates200@qq.com,1,2,2,2,1,1,1,2,1,1,2,1,2,2,1,2,1,2,0,2,1,2,2,1
replacementshack259@163.com,2,2,1,1,1,1,1,1,1,2,2,2,1,2,1,2,2,2,1,2,2,1,1,2
coldbeans898@qq.com,2,1,1,2,2,2,2,1,1,1,2,1,2,1,2,0,2,2,1,2,1,1,1,2
dryshoes274@yahoo.com,2,2,2,1,2,2,1,1,2,1,2,2,1,2,2,1,2,1,1,1,1,1,2,1
coldshirt705@qq.com,2,1,1,2,2,0,2,1,2,1,1,2,1,2,2,1,1,2,2,2,2,1,1,1
newtire529@outlook.com,2,2,2,1,1,1,2,1,1,2,2,2,2,2,1,2,1,1,1,1,1,1,2,2
oldbeans20@163.com,2,1,2,2,1,2,1,2,2,1,2,2,1,1,1,1,2,2,1,1,2,1,2,1
replacementcup927@163.com,2,2,1,1,1,1,2,1,2,2,2,1,1,1,1,1,1,2,2,2,2,2,2,1
foldingcola428@qq.com,1,0,2,2,2,1,1,2,1,2,0,2,1,2,1,2,1,2,2,1,2,1,1,2
drychrysler197@163.com,1,1,1,1,1,2,2,2,2,2,2,2,1,2,1,1,2,1,1,2,1,1,2,2
slimysub875@outlook.com,2,1,1,2,2,1,1,2,1,1,2,2,1,1,2,2,1,1,1,2,2,2,1,2
usedshoes813@qq.com,1,1,1,2,2,2,1,1,2,1,1,2,2,1,2,1,1,2,1,2,2,2,1,2
dryjeep118@163.com,1,2,2,1,1,2,0,2,1,2,2,2,1,2,2,2,1,1,0,1,2,1,1,2
deepskates774@gmail.com,2,2,1,2,1,1,2,1,1,2,1,1,2,2,1,2,1,1,2,2,1,2,2,1
slimydrum117@outlook.com,2,2,1,1,2,2,1,1,1,2,2,1,1,2,1,1,0,2,1,2,1,2,2,2
hotshack763@qq.com,2,2,2,1,1,2,1,1,0,2,2,1,2,1,1,1,2,2,2,1,1,1,2,2
newspice714@gmail.com,1,2,2,2,1,1,1,1,2,1,1,1,1,2,2,2,1,2,2,2,2,2,1,1
buriedskates837@yahoo.com,1,1,2,2,2,1,2,1,2,2,2,2,2,2,1,0,1,1,2,1,1,2,1,1
newspice508@163.com,1,1,1,2,2,2,2,1,1,2,1,1,2,1,2,2,1,0,2,2,2,2,1,1
mostlyblanket634@qq.com,2,2,1,1,1,2,2,2,2,1,2,2,0,1,1,1,0,1,1,2,2,2,1,2
losttide889@gmail.com,1,2,1,1,2,1,2,2,1,1,2,1,2,2,2,1,2,1,2,1,1,2,2,1
freshysnake925@yahoo.com,2,1,1,1,2,1,2,1,1,2,1,1,2,1,1,2,2,1,2,2,1,2,2,2
soiledspice507@gmail.com,2,2,2,1,1,2,2,1,2,1,2,1,2,2,1,2,1,1,2,1,1,1,2,1
hotbeans585@gmail.com,2,2,2,2,1,1,1,1,2,2,2,1,1,2,1,1,2,1,1,2,2,1,1,2
lostshack354@qq.com,2,0,1,2,1,2,1,2,1,2,2,1,2,1,2,2,0,1,2,1,1,2,1,2
deepskates589@outlook.com,2,0,2,1,1,2,2,2,1,2,2,1,1,2,1,1,2,1,1,2,2,2,1,1
tiredshoes126@gmail.com,2,2,1,1,1,1,2,2,2,2,2,2,1,1,2,2,0,1,2,1,1,1,2,1
foldingtide816@yahoo.com,2,2,2,2,2,1,2,2,1,2,1,1,2,1,2,0,1,1,1,2,2,1,1,1
slimysnake940@gmail.com,1,1,2,1,2,1,2,2,1,2,2,2,1,1,2,1,1,1,2,1,2,2,2,1
slightlycup382@yahoo.com,2,1,2,1,1,2,2,2,1,2,1,1,2,1,1,1,2,2,1,1,2,1,2,2
deepshirt709@qq.com,1,2,1,2,1,1,1,2,2,1,2,2,2,1,1,2,2,1,1,1,1,2,2,2
slightlyjeep10@qq.com,2,1,2,1,1,2,2,1,1,2,1,2,1,2,1,1,2,2,1,2,1,2,1,2
acientcola833@qq.com,2,1,1,1,2,1,0,1,1,2,2,1,2,2,1,1,2,1,2,2,2,2,2,1
extrabeans673@outlook.com,1,2,2,1,1,1,2,2,1,2,1,1,1,2,1,1,2,2,2,1,2,2,2,1
replacementbeans853@outlook.com,2,1,1,2,1,2,2,2,1,2,1,2,1,1,1,1,2,2,1,2,2,2,1,1
clamybread550@qq.com,2,2,1,2,2,1,2,2,2,2,2,1,1,2,1,1,0,1,2,2,1,1,1,1
slightlyblanket474@yahoo.com,1,2,2,2,1,2,2,1,1,2,2,1,2,1,1,0,2,1,2,1,1,1,2,2
deepblanket729@outlook.com,1,1,1,1,1,1,1,2,2,1,2,1,1,2,2,2,2,2,1,2,1,2,2,2
dryspice755@yahoo.com,1,2,2,2,1,2,1,2,2,1,1,1,2,2,1,1,1,2,1,1,1,2,2,2
extraspice790@163.com,1,1,1,2,2,1,1,1,2,2,1,2,1,1,2,2,2,1,0,2,2,2,1,2
fishyhat223@yahoo.com,1,1,2,1,2,2,2,1,2,1,1,1,2,2,1,2,2,2,2,1,2,0,1,1
oldcup159@163.com,2,2,1,1,2,2,1,1,2,2,2,1,0,2,2,0,1,1,1,2,1,2,1,2
oldwindow127@outlook.com,1,1,2,1,1,2,2,2,1,1,2,2,2,1,2,1,0,2,1,2,1,2,1,2
slightlyrug222@qq.com,2,1,2,1,2,2,1,2,1,1,2,1,1,2,2,1,2,2,1,2,1,2,1,1
hotjug298@gmail.com,1,1,2,1,1,2,2,1,2,1,1,1,2,1,2,2,1,2,2,2,2,1,1,2
slightlybike594@qq.com,2,1,2,2,1,1,2,1,2,2,1,1,2,1,2,0,0,1,2,2,2,1,2,1
mostlyjug312@qq.com,2,2,2,1,2,2,1,1,1,1,2,2,1,2,1,0,2,1,1,2,1,2,1,2
slightlysnake98@gmail.com,1,2,2,2,1,1,1,2,1,2,2,2,2,1,1,2,2,1,1,2,1,0,1,2
buriedjeep247@gmail.com,2,2,2,2,1,1,1,1,1,0,1,2,2,2,1,0,0,2,1,2,2,1,2,2
olddrum883@163.com,2,1,2,2,2,1,1,2,1,1,2,1,2,1,2,2,1,2,1,2,1,0,1,2
soiledchrysler812@163.com,2,1,1,1,2,1,2,1,1,1,2,2,2,2,1,2,2,2,2,2,1,1,1,1
soiledchrysler352@outlook.com,2,1,1,1,2,1,1,1,2,2,2,1,1,1,2,0,2,2,2,2,1,1,2,2
oldtire925@yahoo.com,1,1,1,2,2,2,2,2,2,2,0,1,2,1,1,1,1,2,1,2,2,2,1,1
coldchrysler654@qq.com,2,2,1,2,1,2,1,2,1,2,1,1,1,2,2,2,1,1,1,2,2,0,1,2
hotshirt245@gmail.com,1,2,2,1,2,1,2,2,1,1,2,1,1,1,1,1,2,2,2,1,2,1,2,2
dirtyblanket188@outlook.com,1,1,2,1,2,2,1,1,2,0,1,1,1,1,2,2,1,2,2,2,2,1,2,2
fishyrug799@qq.com,1,2,2,2,1,1,2,2,1,1,2,2,1,2,2,1,1,1,1,1,1,2,2,2
milkyjug186@outlook.com,2,2,2,1,2,1,1,1,1,2,2,1,1,1,2,1,2,1,2,2,1,1,2,2
clamydrum576@gmail.com,2,1,1,2,1,2,1,2,2,1,2,2,1,2,2,0,1,2,1,2,1,1,2,1
oldsub957@gmail.com,1,2,2,1,2,1,1,2,1,2,2,1,2,1,2,1,2,2,1,1,1,1,2,2
hotcola183@gmail.com,1,1,2,2,2,1,2,1,1,2,1,2,2,1,2,1,2,1,2,2,2,1,1,1
mostlyshirt649@163.com,2,2,1,1,1,1,1,2,2,1,2,2,2,1,1,1,2,2,1,1,2,2,1,2
dailywindow396@outlook.com,1,2,1,1,2,1,2,1,2,1,1,1,2,2,1,0,1,1,2,2,2,2,2,2
dailydrum227@outlook.com,1,2,1,2,1,1,2,0,1,2,2,1,1,2,1,1,2,2,2,2,2,1,1,2
mostlybread818@163.com,1,1,1,2,2,1,2,0,2,2,1,2,2,1,1,1,1,2,1,2,2,2,1,2
lostbike115@gmail.com,0,2,2,2,2,1,2,2,0,2,1,1,2,2,2,2,0,1,1,1,1,1,2,1
extrabike379@163.com,2,2,1,1,2,2,2,2,1,2,1,2,1,1,2,1,1,1,2,2,1,1,2,1
soiledspice86@163.com,1,2,2,1,2,1,1,1,2,1,2,2,1,2,1,2,2,2,2,2,1,0,1,1
newsnake492@qq.com,1,2,2,1,1,2,2,2,2,2,2,1,1,1,1,1,1,1,1,2,2,1,2,2
buriedbike268@qq.com,1,2,2,1,2,1,1,2,1,2,1,2,2,1,2,2,0,2,1,1,2,2,1,1
tiredtire214@yahoo.com,2,1,1,1,2,2,2,2,1,1,1,2,2,2,1,1,1,2,1,2,2,2,1,1
mostlychrysler465@outlook.com,2,2,1,1,1,1,1,1,1,2,2,2,2,2,2,1,2,1,0,2,1,1,2,2
tiredblanket298@outlook.com,2,1,2,2,2,1,1,1,1,1,2,1,1,1,1,1,1,2,2,2,2,2,2,2
slightlyjeep218@yahoo.com,2,2,1,1,1,2,1,0,2,2,1,2,2,1,2,0,2,1,2,2,1,1,1,2
slimyshack580@gmail.com,2,2,2,1,2,2,1,2,2,2,1,2,2,1,2,1,0,1,1,1,2,0,1,1
clamyrug296@yahoo.com,1,2,2,1,2,1,2,1,2,2,1,1,0,2,1,2,1,1,2,2,2,2,1,1
freshywindow114@gmail.com,1,1,1,2,2,2,1,1,2,1,0,2,1,1,1,2,2,2,2,2,2,1,1,2
slimyhat57@163.com,2,2,2,2,2,2,2,2,2,2,1,1,1,0,1,0,0,2,1,1,1,1,2,1
lostskates718@163.com,2,1,2,1,1,2,1,2,1,2,2,1,2,2,2,0,1,2,2,2,1,1,1,1
extrabike713@163.com,1,2,1,2,1,2,2,2,1,1,2,0,2,2,1,1,1,2,2,2,2,0,1,1
slimytide660@163.com,2,2,1,2,1,1,1,2,1,2,1,1,2,2,1,0,1,2,2,2,2,1,2,1
dailycola900@yahoo.com,2,0,2,2,1,2,2,0,1,2,1,1,2,2,1,2,1,1,2,2,1,2,1,0
newblanket614@163.com,2,2,2,2,1,1,1,2,1,2,2,1,0,1,1,2,1,2,1,1,2,1,2,2
usedblanket382@outlook.com,1,2,2,2,1,2,2,1,1,2,1,2,2,2,1,1,1,1,1,2,1,2,2,1
coldsnake968@yahoo.com,1,1,1,1,1,2,2,2,1,2,0,2,2,2,2,1,1,2,1,1,2,1,2,2
oldtide243@gmail.com,2,2,1,1,2,1,2,2,1,1,2,0,1,2,1,0,2,1,2,2,1,2,2,1
buriedjug735@outlook.com,2,2,1,1,1,1,1,2,1,2,2,1,1,2,1,1,2,2,1,2,2,1,2,2
usedtire871@gmail.com,1,2,2,1,1,2,2,1,2,1,2,1,2,1,1,2,1,1,1,1,2,2,2,2
moistsub742@yahoo.com,1,0,2,1,2,2,1,1,2,1,1,1,2,2,1,1,2,2,2,1,1,2,2,2
mostlycola867@gmail.com,2,2,1,2,1,2,1,1,2,2,1,1,1,2,2,2,2,1,1,2,1,1,1,2
oldjeep409@gmail.com,1,2,2,1,2,1,2,2,1,1,2,1,1,1,2,1,2,2,2,2,1,2,1,1
slimyhat374@outlook.com,2,1,1,2,0,2,1,1,2,1,2,2,1,1,2,2,2,1,1,2,2,1,1,2
oldsub132@yahoo.com,1,1,2,2,1,1,2,2,2,2,2,1,1,2,1,1,2,1,1,1,2,2,1,2
extracola877@qq.com,2,2,1,1,2,1,1,1,2,1,1,2,1,2,2,2,1,2,2,1,2,1,2,1
replacementbread393@gmail.com,1,2,2,2,2,2,0,1,1,2,1,1,2,2,1,1,2,1,1,1,2,2,1,2
dirtysnake806@gmail.com,2,2,2,1,1,1,2,1,2,2,2,1,1,1,1,2,0,1,2,1,1,2,2,2
moistbread376@qq.com,1,1,1,2,1,2,2,1,2,1,1,2,1,1,1,2,2,2,1,2,2,1,2,2
fishytide236@163.com,2,1,1,2,2,2,2,2,2,2,1,2,1,1,1,1,1,1,2,1,1,2,1,2
soiledcola252@qq.com,2,1,1,1,2,1,2,1,1,2,0,1,1,1,2,2,2,2,2,2,1,1,2,2
fishyhat189@qq.com,1,2,1,2,1,2,2,1,2,2,1,1,1,2,2,0,0,2,2,2,1,2,1,1
replacementshack453@yahoo.com,1,2,1,2,1,1,1,2,1,2,1,2,2,2,1,1,2,1,2,1,2,2,1,2
moistcola58@gmail.com,2,2,2,1,1,2,1,1,2,1,2,1,1,2,2,0,2,1,2,1,2,1,2,1
dryrug906@gmail.com,2,2,1,2,1,2,2,1,1,2,2,1,2,1,1,1,2,1,2,1,0,1,2,2
dailysub221@outlook.com,2,2,2,1,1,1,1,2,2,1,1,2,1,2,2,1,2,1,2,2,1,2,1,1
lostblanket985@outlook.com,2,1,1,2,1,2,2,1,2,1,2,1,2,1,2,2,1,1,2,2,1,1,2,1
replacementshack683@qq.com,2,0,1,1,1,1,1,1,2,2,2,2,2,2,2,1,2,2,2,1,2,1,1,1
coldskates717@yahoo.com,2,2,1,1,2,1,2,1,2,2,1,2,1,2,1,2,1,1,1,2,2,2,1,1
deephat41@yahoo.com,2,1,1,1,2,2,2,1,1,2,1,2,1,2,1,1,1,1,2,2,2,2,2,1
freshytide805@yahoo.com,1,2,2,1,1,1,1,2,1,2,1,1,2,2,2,2,1,2,2,1,1,2,2,1
replacementbeans192@yahoo.com,1,1,1,2,2,1,2,1,2,1,2,1,2,1,1,2,2,2,1,2,1,0,2,2
clamytire851@outlook.com,2,1,2,1,2,2,2,2,1,1,1,1,1,2,2,2,1,1,1,1,2,2,2,1
fishytire840@qq.com,1,2,1,2,1,1,2,1,1,2,2,1,2,1,2,1,2,2,2,2,2,1,1,1
foldingspice847@outlook.com,2,2,2,2,1,0,1,2,2,1,1,2,1,2,1,1,1,1,2,1,2,1,2,2
dirtytide588@outlook.com,1,1,2,1,2,1,2,2,1,2,1,2,2,2,1,1,2,1,1,2,1,2,2,1
deeptire557@outlook.com,2,2,1,2,2,1,1,2,2,2,1,1,2,2,1,1,2,1,1,1,2,1,1,2
soiledspice548@yahoo.com,2,1,2,1,1,1,2,1,2,2,1,2,2,1,1,1,2,1,2,2,1,1,2,2
foldingrug816@163.com,2,2,2,1,2,1,2,2,1,1,2,1,2,2,2,2,1,1,2,1,1,1,1,1
acientbread378@163.com,2,1,1,2,1,1,2,1,2,1,1,2,1,2,2,2,2,1,2,2,1,0,1,2
drysnake79@qq.com,2,2,1,1,1,2,1,2,1,2,2,1,2,1,1,2,2,1,2,1,1,2,2,1
fishyspice286@yahoo.com,2,2,2,2,2,2,1,1,1,2,1,2,2,1,1,1,1,1,1,2,1,2,2,1
fishyshack945@qq.com,1,1,2,1,1,2,2,1,2,2,2,1,1,1,2,0,2,2,1,1,1,2,2,2
tiredbread690@gmail.com,1,1,2,1,2,1,2,1,2,2,2,2,1,2,2,2,1,0,2,2,1,1,1,1
foundwindow142@qq.com,2,0,2,1,2,1,2,1,1,2,1,2,1,2,2,0,1,2,1,2,2,1,1,2
fishyrug168@qq.com,1,1,1,2,1,1,2,1,1,2,1,2,1,2,1,2,2,2,2,1,2,2,2,1
foldingsub312@qq.com,2,1,2,2,2,1,2,1,1,2,2,1,0,2,2,2,0,2,2,1,1,0,1,1
newchrysler354@qq.com,2,2,2,1,1,1,2,1,1,1,2,1,2,2,2,2,1,2,1,1,2,2,1,1
slimyrug350@yahoo.com,2,2,2,2,2,1,1,1,2,2,1,1,2,1,1,0,2,1,1,2,1,0,2,2
extracup244@yahoo.com,1,2,2,1,1,2,1,2,1,2,1,1,1,1,2,0,2,2,2,2,1,2,2,1
freshyshoes759@outlook.com,2,1,1,2,1,2,1,2,2,1,2,2,1,2,1,0,2,2,1,2,2,1,1,1
usedchrysler214@qq.com,1,2,2,1,1,1,1,1,1,2,1,2,1,2,1,2,1,2,2,2,2,0,2,2
hotbike205@163.com,1,1,1,1,1,2,2,1,1,1,2,1,1,2,1,2,2,2,2,2,2,2,1,2
clamyjug708@gmail.com,2,2,2,2,1,1,1,1,1,1,2,2,0,2,1,1,2,2,2,1,2,1,1,2
extraskates465@outlook.com,2,1,2,1,2,1,2,2,2,1,1,2,2,1,2,2,2,1,2,1,0,1,1,1
foldingsnake280@gmail.com,1,2,2,1,1,1,2,1,2,1,1,2,0,2,2,2,2,1,2,1,2,1,2,1
deepbeans841@outlook.com,2,1,2,1,1,2,1,2,2,1,1,2,1,2,2,2,2,1,1,1,1,1,2,2
slimycola190@gmail.com,1,1,1,2,1,1,1,2,2,2,0,2,2,1,1,2,2,1,1,2,2,2,2,1
fishytide523@163.com,2,2,1,1,1,1,1,2,1,2,2,2,1,2,1,1,2,2,1,1,2,2,1,2
lostshack859@yahoo.com,1,2,2,1,2,2,2,1,2,2,0,1,1,1,1,0,2,1,1,1,2,2,2,2
oldsnake127@yahoo.com,2,2,2,1,1,1,1,2,2,1,1,1,2,1,2,1,1,2,2,1,2,1,2,2
fishyskates601@qq.com,1,2,1,2,1,1,2,1,2,1,2,2,2,1,1,0,2,2,2,1,2,1,1,2
clamyspice281@gmail.com,2,1,2,1,1,1,1,2,2,1,1,1,2,2,2,0,1,2,1,2,2,2,2,1
freshyshoes563@gmail.com,2,0,2,2,1,1,2,1,2,1,2,1,2,2,1,2,2,2,2,1,1,1,1,1
drytire81@163.com,2,1,2,2,2,1,2,1,1,1,2,2,1,1,2,2,0,2,1,1,1,0,2,2
buriedshack856@163.com,1,1,1,2,2,1,1,2,2,1,1,2,2,2,2,0,2,1,1,2,2,2,1,1
soiledbike202@163.com,0,0,2,2,1,2,1,1,2,2,1,2,1,2,2,1,0,2,2,2,1,1,1,2
dailytide876@outlook.com,1,2,2,2,1,2,1,2,1,1,2,1,2,1,2,2,1,2,2,1,1,2,1,1
lostdrum301@gmail.com,1,2,1,2,2,2,1,2,1,1,1,1,2,2,2,1,2,2,1,1,1,2,1,2
fishyshoes57@163.com,1,1,1,1,2,2,2,0,2,2,1,2,0,1,2,2,1,2,1,2,1,2,1,2
dailyrug478@qq.com,1,2,1,2,1,1,1,1,2,1,2,2,2,1,1,1,2,2,2,1,2,1,2,2
oldjug304@163.com,2,2,1,1,1,1,2,1,2,2,2,1,2,2,1,2,2,1,1,2,1,2,1,1
lostshack10@qq.com,1,1,2,1,2,1,1,1,2,2,2,2,2,1,2,1,2,1,2,1,1,1,2,2
lostwindow142@outlook.com,2,2,2,2,1,2,2,1,2,2,1,2,1,1,1,2,0,2,1,1,1,2,1,1
lostjug619@163.com,2,1,1,1,2,1,1,2,1,2,2,1,2,2,1,2,0,1,2,2,1,2,2,1
drytide232@qq.com,1,1,2,1,1,2,2,2,2,1,2,1,1,2,2,1,1,1,1,1,2,2,2,2
dirtytire254@qq.com,2,2,2,1,1,2,1,2,2,1,1,1,2,2,2,1,2,2,1,1,1,1,2,1
slimywindow861@qq.com,2,1,1,2,1,1,2,2,2,1,1,1,2,2,1,2,1,2,2,1,2,0,1,2
oldwindow318@163.com,2,1,1,1,2,1,1,1,2,2,2,1,2,1,2,2,2,2,0,2,2,1,1,0
replacementblanket675@outlook.com,2,2,2,2,1,1,0,1,1,1,2,2,1,1,1,1,2,2,2,2,1,1,2,2
moistjug692@gmail.com,2,2,2,2,2,1,2,2,1,2,1,1,1,1,2,2,1,1,1,1,1,2,2,1
slimyskates413@yahoo.com,1,2,2,2,2,1,1,2,1,2,1,1,1,2,1,2,1,2,2,1,2,1,1,2
foldingdrum8@qq.com,1,1,1,2,2,2,1,1,2,2,2,1,1,1,2,2,1,2,1,1,2,2,1,2
slimyshirt48@gmail.com,1,2,1,1,1,2,0,1,2,1,2,1,2,2,2,2,2,1,1,1,1,2,2,2
deepdrum467@outlook.com,2,1,1,1,2,1,2,2,2,2,1,1,1,2,2,1,1,2,2,1,2,1,1,2
extrabread521@163.com,2,1,2,1,2,1,2,2,1,1,2,2,2,1,1,2,1,2,1,1,1,1,2,2
hotsub887@qq.com,1,2,2,1,1,2,2,1,1,1,2,1,1,1,1,2,2,2,2,2,2,0,2,1
slightlyhat631@163.com,2,2,1,1,2,1,1,1,2,1,2,1,1,2,2,0,2,2,1,2,2,2,1,1
retiredshirt213@outlook.com,2,2,2,2,2,1,1,1,1,1,1,1,1,1,1,1,2,2,2,2,2,1,2,2
acientbread152@outlook.com,2,2,1,1,2,1,2,2,2,1,1,2,2,1,1,2,2,1,2,1,1,1,2,1
moisttide944@gmail.com,2,2,1,2,2,1,1,2,2,1,1,1,2,2,2,1,2,2,1,1,1,1,2,1
oldtide714@qq.com,2,1,1,1,1,2,2,2,2,1,1,1,2,1,2,1,2,2,2,2,1,0,1,2
tiredwindow361@gmail.com,1,1,2,1,1,2,2,1,1,1,2,1,1,2,2,1,2,1,2,2,2,2,2,1
moistblanket251@gmail.com,2,1,1,2,2,2,2,0,1,1,0,2,1,1,1,2,2,2,2,2,1,1,2,1
slightlyhat180@gmail.com,1,1,1,2,1,1,1,0,1,2,1,2,2,2,1,1,2,1,2,2,2,2,2,2
dirtyjug281@163.com,2,1,2,2,2,1,2,2,1,1,2,1,1,2,1,2,2,2,2,1,1,1,1,1
drycola127@yahoo.com,2,0,1,1,2,2,0,2,2,2,2,2,1,1,2,0,0,1,2,2,2,1,1,1
slightlyjug233@outlook.com,1,1,1,1,2,2,2,1,2,1,2,2,2,1,2,0,0,2,2,2,1,1,1,2
deepskates445@qq.com,2,2,2,2,2,2,2,1,1,1,1,1,1,1,1,2,0,2,1,1,1,2,2,2
slightlyspice711@163.com,2,2,2,1,2,1,2,1,2,1,2,1,1,1,2,0,2,1,2,1,2,1,1,2
hotshoes226@gmail.com,1,2,2,2,2,2,1,1,1,1,1,2,0,1,1,1,1,1,2,2,2,2,2,2
lostwindow257@qq.com,1,2,2,2,2,1,1,1,2,1,2,2,2,1,2,1,1,1,2,2,1,2,1,1
deepshoes675@yahoo.com,2,2,1,1,1,1,1,2,2,1,1,0,1,2,2,2,2,2,2,1,1,2,1,2
soiledbeans428@gmail.com,2,2,2,2,0,2,2,2,1,1,1,1,0,2,2,1,2,1,2,1,1,2,1,1
extrashirt110@163.com,2,2,2,1,2,1,1,2,1,1,0,2,1,2,2,2,0,1,1,2,2,1,1,2
foldingwindow791@qq.com,2,2,1,1,2,1,2,1,2,2,1,2,1,1,2,2,1,1,2,1,1,2,2,1
retiredwindow699@gmail.com,1,2,2,1,2,1,2,2,2,1,1,2,0,2,2,0,1,1,2,1,2,2,1,1
deeptire256@qq.com,0,2,1,2,2,2,1,1,1,1,1,2,2,2,1,2,1,1,2,2,2,1,1,2
slightlyblanket234@gmail.com,2,2,1,1,2,1,1,2,1,2,0,2,2,1,1,2,2,1,2,2,1,0,2,1
drybeans627@yahoo.com,1,2,1,1,1,1,1,2,2,2,2,1,2,1,2,2,1,1,2,2,1,2,1,2
extrashack308@outlook.com,1,0,1,2,1,2,1,2,2,1,2,1,1,1,2,1,2,2,2,2,2,1,1,2
deepsnake443@163.com,2,2,2,1,0,1,1,2,2,1,2,1,1,2,2,1,2,1,2,1,1,1,2,2
newcup335@163.com,1,2,2,1,2,2,1,2,1,2,1,2,2,1,1,1,2,2,2,1,1,2,1,1
mostlychrysler996@163.com,2,1,1,2,1,1,1,2,2,1,2,1,2,2,1,1,2,1,2,2,1,0,2,2
moistjeep349@gmail.com,1,2,2,2,1,1,1,2,1,1,0,2,1,2,2,2,2,1,2,1,2,1,1,2
moistcup782@yahoo.com,1,1,1,1,1,1,1,2,2,2,2,2,0,2,2,2,2,1,2,1,1,2,2,1
lostshirt397@yahoo.com,1,2,2,2,1,1,2,1,1,2,2,1,1,2,2,2,1,2,0,2,1,0,1,2
replacementtire420@gmail.com,1,2,2,2,2,1,2,2,2,1,1,2,1,2,1,1,2,1,1,2,2,1,1,1
fishydrum376@163.com,2,1,1,2,2,2,1,1,2,2,1,1,2,2,1,0,2,1,1,1,2,2,2,1
fishycola257@gmail.com,1,1,1,1,1,2,2,2,1,2,1,1,2,2,1,1,2,2,2,1,1,2,2,2
buriedblanket621@qq.com,2,1,1,2,1,2,1,1,2,1,2,2,1,2,2,1,0,1,2,2,2,1,1,2
usedhat240@yahoo.com,1,2,1,1,2,2,0,2,2,2,1,1,0,2,2,2,0,2,1,1,1,1,2,2
extratide275@163.com,1,2,1,1,2,2,2,2,1,2,2,1,1,1,2,0,2,1,1,2,1,2,2,1
newbeans404@163.com,2,1,1,1,1,2,1,1,2,2,2,2,2,2,1,2,1,1,2,1,1,2,1,2
mostlysub86@yahoo.com,1,1,2,2,1,1,1,2,2,1,2,2,2,2,2,1,2,1,2,1,2,1,1,1
lostrug750@outlook.com,2,1,2,2,2,1,2,0,2,1,2,2,2,1,1,0,2,1,1,1,1,2,1,2
buriedshoes543@qq.com,2,2,1,1,1,1,2,1,1,2,2,1,2,2,2,2,1,1,1,2,2,1,1,2
dryjug664@yahoo.com,1,2,2,2,2,2,1,2,2,1,2,2,1,1,1,1,2,1,1,1,2,2,1,0
replacementshoes867@yahoo.com,2,1,2,2,2,2,1,2,2,1,1,1,2,2,1,2,2,1,1,1,2,0,1,1
soiledblanket60@yahoo.com,2,1,2,1,2,2,2,1,2,1,2,2,1,2,1,1,1,1,1,1,1,2,2,2
drybike947@163.com,1,2,1,2,1,2,1,2,1,2,1,2,1,2,1,2,1,2,0,2,2,2,1,1
buriedbread285@qq.com,1,1,2,2,2,2,1,2,2,2,2,1,1,2,2,1,1,1,1,2,2,1,1,1
retiredbike205@163.com,2,0,1,2,0,1,2,1,2,1,2,2,1,2,1,1,2,1,2,2,1,1,2,2
drybread603@163.com,2,1,1,1,2,2,1,1,1,2,0,2,2,1,2,2,1,1,1,2,2,2,1,2
deepshoes213@163.com,1,2,2,1,2,2,2,1,1,2,2,2,2,2,1,1,1,1,1,2,1,2,1,1
retiredshack812@gmail.com,2,0,2,1,2,1,2,1,2,2,2,1,1,1,2,1,1,1,1,2,2,1,2,2
drysnake736@gmail.com,2,1,2,1,1,1,1,1,2,1,2,2,1,2,1,1,2,2,2,2,2,2,1,1
slimyshack931@outlook.com,1,1,2,1,1,1,1,1,2,2,2,2,1,1,2,0,2,2,1,1,2,2,2,2
slightlydrum809@163.com,1,1,2,2,1,2,1,2,2,2,1,1,2,1,2,1,1,2,1,2,2,1,1,2
hotshoes45@yahoo.com,2,2,1,1,2,1,2,1,2,1,0,1,1,2,1,2,1,2,2,2,1,2,2,1
foundbeans255@yahoo.com,2,2,1,1,1,2,1,2,1,2,2,2,2,2,1,2,2,1,1,1,1,1,2,1
slimyshirt423@outlook.com,1,1,1,2,2,1,2,0,1,2,2,1,1,1,1,2,2,1,2,2,1,2,2,2
slimyjug816@outlook.com,2,1,1,2,1,1,1,0,2,2,1,2,1,2,1,2,1,2,2,2,2,2,1,1
lostblanket305@outlook.com,1,1,2,2,2,1,0,2,1,1,2,1,1,2,1,2,2,2,1,2,1,2,1,2
foldingsub325@outlook.com,1,2,2,2,2,2,1,1,2,1,2,1,1,2,2,1,1,2,1,1,1,2,1,2
soiledjeep653@163.com,1,1,2,2,1,2,2,2,1,2,1,2,1,1,1,2,2,1,1,1,2,2,2,1
soiledblanket851@outlook.com,2,2,2,1,2,2,1,1,2,2,2,1,2,1,1,1,1,2,1,1,1,2,1,2
lostspice746@yahoo.com,2,1,1,2,1,2,1,1,1,2,2,1,2,2,1,2,0,0,2,2,2,0,1,2
milkybread139@gmail.com,1,2,1,1,2,2,2,1,2,2,2,1,1,1,2,2,1,1,1,2,2,1,1,2
foundhat951@163.com,2,2,2,1,1,1,2,2,2,2,1,1,1,2,2,0,1,2,2,1,2,1,1,0
slightlybeans54@yahoo.com,2,1,2,2,2,2,2,2,2,1,2,1,1,1,2,2,1,0,0,1,1,1,1,2
moistbike402@gmail.com,1,0,1,2,1,1,2,2,1,2,2,1,1,2,2,2,1,2,2,1,2,0,1,2
slightlychrysler6@163.com,0,2,1,1,2,1,1,2,1,2,0,2,1,2,2,2,1,1,2,2,1,1,2,2
milkytire32@gmail.com,1,2,2,2,1,2,1,2,2,1,1,2,2,1,1,2,2,1,1,1,2,1,1,2
slightlytide578@gmail.com,2,2,1,1,1,2,2,1,1,2,2,2,1,2,2,2,1,1,1,2,1,1,1,2
deepbike810@qq.com,2,1,2,1,2,2,2,2,2,1,1,1,1,1,1,1,2,0,2,2,2,1,1,2
oldcola925@163.com,1,2,1,2,2,2,2,1,2,2,2,2,1,1,1,1,2,1,1,1,2,2,1,1
foldinghat359@qq.com,2,1,2,1,2,1,1,2,2,1,1,1,2,1,2,2,2,2,1,1,2,0,1,2
milkyshack976@qq.com,2,1,1,1,1,1,2,1,2,2,2,2,0,2,2,0,0,1,1,1,2,2,2,2
freshycup580@outlook.com,1,2,2,2,1,1,1,1,1,2,1,1,1,1,1,2,2,2,2,2,2,1,2,2
slimyrug799@qq.com,1,2,1,1,2,1,2,1,2,1,1,2,2,2,2,2,1,2,1,1,1,2,1,2
fishytide150@yahoo.com,2,1,2,1,2,1,1,2,2,1,0,2,0,2,1,2,1,1,1,2,1,2,2,2
deeprug935@qq.com,1,2,1,2,2,2,1,1,1,2,1,2,1,2,2,0,2,1,1,2,2,1,2,1
foldingshack461@qq.com,2,1,2,2,1,2,1,1,2,2,1,2,2,1,1,2,2,1,2,1,1,0,1,2
hotshirt992@163.com,1,1,2,1,1,2,1,1,2,1,1,1,1,2,2,0,2,2,2,2,2,2,1,2
fishywindow600@yahoo.com,2,2,2,2,2,1,1,2,1,2,0,1,2,1,1,0,2,1,1,1,1,2,2,2
slightlywindow122@outlook.com,2,2,2,2,1,1,1,1,2,2,1,2,2,2,1,0,1,2,2,1,1,1,1,2
dailytide541@outlook.com,2,1,2,1,1,1,2,2,1,1,2,2,1,1,2,2,0,2,2,1,1,2,2,1
usedshack190@outlook.com,2,1,1,0,1,1,1,1,2,2,2,1,2,1,1,2,2,2,1,1,2,2,2,2
soiledhat889@163.com,2,2,2,1,1,1,1,1,2,1,2,1,2,1,2,2,2,2,1,2,1,0,1,2
mostlyshirt137@qq.com,2,1,2,2,2,1,2,1,1,2,1,2,1,2,2,2,1,2,1,1,2,1,1,1
buriedhat766@gmail.com,1,2,1,1,1,1,2,2,1,2,2,2,1,2,1,1,2,2,2,1,1,2,1,2
soiledwindow333@yahoo.com,2,2,1,2,1,2,2,2,2,1,0,2,1,1,1,1,2,1,1,2,1,2,1,2
tiredtire394@yahoo.com,2,2,2,1,1,1,2,2,1,1,1,1,1,1,2,0,2,2,2,2,1,2,1,2
deepspice521@163.com,2,2,1,1,1,1,1,1,2,2,1,1,2,2,1,2,2,2,1,2,1,2,1,2
dailycup49@yahoo.com,1,2,1,1,0,2,1,2,2,1,0,2,2,1,1,2,2,2,2,2,1,1,1,2
mostlycola492@outlook.com,1,1,1,2,2,2,1,2,2,1,1,2,1,1,2,1,2,2,1,1,2,2,1,2
lostshirt475@yahoo.com,1,2,2,1,1,1,2,2,0,2,2,1,2,2,1,2,1,1,2,1,2,1,2,1
mostlytide650@outlook.com,2,1,2,1,2,2,1,2,1,1,1,1,1,2,1,2,1,2,1,1,2,2,2,2
retiredrug606@163.com,2,1,2,2,1,1,1,2,1,1,1,2,2,2,1,1,1,1,2,2,1,2,2,2
mostlyskates301@outlook.com,1,1,1,2,2,2,2,2,2,1,2,1,1,1,2,1,2,1,2,1,2,0,2,1
clamybeans380@163.com,2,2,1,1,1,1,2,2,1,1,1,2,2,2,1,1,0,1,2,2,2,2,1,2
usedsnake183@outlook.com,1,2,1,1,1,1,1,1,1,1,2,2,2,2,1,2,2,1,2,1,2,2,2,2
retiredrug129@gmail.com,2,2,2,1,1,1,2,1,1,2,1,2,2,1,2,2,1,2,1,1,1,2,2,1
fishytide198@gmail.com,1,1,2,2,1,2,1,1,1,1,2,2,2,1,1,1,1,2,2,2,1,2,2,2
soiledwindow472@163.com,2,0,1,1,2,2,1,2,2,2,2,2,2,1,1,2,1,1,1,2,1,2,1,1
deepjeep266@qq.com,1,2,1,1,2,2,2,2,1,1,1,2,2,1,2,1,1,1,2,2,1,2,1,2
freshychrysler311@gmail.com,2,1,1,2,1,2,2,2,1,1,2,1,1,2,1,1,2,1,2,2,1,1,2,2
coldbike928@gmail.com,1,1,2,1,2,1,2,1,2,1,1,1,2,2,1,1,2,2,2,1,2,0,2,2
replacementchrysler827@qq.com,2,1,2,2,1,1,1,2,2,1,2,1,2,1,2,1,1,2,2,1,2,1,2,1
acientdrum520@outlook.com,1,2,2,2,1,1,2,2,1,2,2,1,2,2,2,1,1,2,0,1,1,1,1,2
extratide825@qq.com,1,2,1,1,1,2,1,2,1,2,0,2,1,2,1,2,1,2,1,2,2,2,1,2
colddrum303@yahoo.com,2,2,2,2,1,1,1,2,2,2,2,2,1,2,1,1,2,1,1,1,1,2,1,1
fishysub557@gmail.com,1,2,2,2,1,2,1,1,2,1,1,1,2,1,1,1,2,1,2,2,2,1,2,2
hotbread750@outlook.com,1,2,2,1,1,2,1,1,2,1,2,2,2,2,1,2,1,2,2,1,1,1,1,2
newtide74@yahoo.com,1,1,2,1,1,2,2,1,1,2,1,2,2,1,1,2,2,2,1,1,2,2,1,2
acientshirt942@qq.com,2,1,1,1,2,2,1,2,2,1,1,1,2,2,2,1,2,1,1,1,1,2,2,2
deepskates108@gmail.com,2,1,1,1,1,2,1,2,2,2,2,1,1,2,1,2,1,2,2,1,2,1,2,1
deeptire280@outlook.com,0,1,1,2,2,2,2,2,1,2,2,1,1,1,1,2,1,2,2,1,1,1,2,2
deepchrysler676@yahoo.com,2,1,1,2,2,2,2,1,2,1,2,1,2,1,2,1,1,1,1,1,2,2,2,1
milkychrysler350@qq.com,1,2,2,2,2,2,1,2,1,1,1,2,2,2,1,1,1,1,0,2,1,2,2,1
fishyshoes613@163.com,2,1,2,1,1,2,1,2,2,2,2,2,1,2,1,1,2,1,1,1,2,1,2,1
retiredchrysler357@yahoo.com,1,1,1,2,1,2,1,1,1,1,1,1,2,2,2,2,0,2,2,2,2,2,1,2
usedrug497@163.com,1,1,1,2,2,2,2,2,1,2,1,1,2,1,1,2,2,1,1,2,2,2,1,1
deepshirt172@qq.com,1,2,2,1,2,1,2,2,1,2,2,1,1,1,2,2,0,2,0,2,1,2,1,1
slightlywindow225@yahoo.com,1,2,1,2,2,1,2,2,1,1,0,2,1,2,1,2,1,1,2,1,2,2,1,2
buriedcola755@163.com,2,2,1,1,2,1,1,2,2,1,1,1,1,2,2,1,1,1,1,2,2,2,2,2
milkytire825@outlook.com,1,1,2,1,2,1,1,2,2,2,2,2,1,1,2,1,2,2,1,1,1,2,2,1
deeptide758@gmail.com,1,1,2,2,1,1,2,1,1,1,2,2,2,2,1,1,2,2,1,1,1,2,2,2
useddrum831@yahoo.com,1,2,1,2,1,1,1,2,1,2,2,1,2,2,1,2,1,2,1,2,1,1,2,2
extrashack152@yahoo.com,2,1,1,1,2,2,2,1,1,2,2,2,1,2,1,1,1,2,2,1,2,2,1,1
clamysub285@163.com,2,0,2,1,1,2,2,2,1,1,1,1,2,1,1,0,2,2,2,1,2,0,2,2
soiledtide573@qq.com,0,2,2,2,1,1,1,2,1,2,2,2,1,2,1,1,1,1,1,2,1,2,2,2
replacementtire509@qq.com,2,1,1,1,1,2,1,1,2,2,2,2,2,1,2,0,2,2,1,1,2,2,1,1
buriedbike350@yahoo.com,1,1,2,1,2,1,2,1,2,2,1,2,2,2,1,0,2,1,2,1,1,2,2,1
deepbread689@outlook.com,2,1,1,1,2,1,2,2,2,1,2,1,2,2,1,2,2,1,2,1,1,2,1,1
soiledhat769@yahoo.com,1,2,1,2,1,2,1,1,2,1,2,0,2,2,2,2,1,1,1,1,1,2,2,2
drytire660@yahoo.com,1,1,1,1,2,2,1,2,2,1,1,0,2,2,1,2,2,2,1,2,2,1,2,1
dryskates314@qq.com,2,2,1,2,2,1,2,1,1,2,2,0,1,1,1,2,2,2,2,1,2,1,1,1
replacementblanket227@yahoo.com,2,1,2,1,2,2,2,1,1,2,1,1,1,2,2,2,1,2,1,1,1,1,2,2
dirtyshack10@qq.com,1,2,2,2,1,1,2,0,1,1,2,1,1,1,1,2,2,2,2,1,1,2,2,2
fishybike909@yahoo.com,1,2,2,2,1,2,1,2,1,1,2,1,1,2,1,2,1,2,1,1,1,2,2,2
extrablanket53@outlook.com,1,2,1,2,1,1,2,1,1,2,2,2,2,2,2,2,2,1,1,2,1,1,1,1
oldrug732@outlook.com,2,0,1,1,2,1,1,2,1,2,2,2,1,2,2,2,1,2,1,1,2,1,2,1
moistbike147@qq.com,2,0,2,2,2,2,2,0,1,1,1,2,2,1,2,0,2,2,0,2,1,1,1,1
tiredwindow768@163.com,1,2,1,1,1,2,2,1,2,1,2,2,1,1,2,2,1,2,2,2,2,1,1,1
soiledbeans566@qq.com,2,2,2,2,1,1,2,1,1,2,1,2,1,1,1,1,2,1,2,1,2,2,2,1
dirtysnake285@gmail.com,0,1,1,2,2,1,2,1,2,1,2,2,2,1,2,1,2,1,1,2,2,1,2,1
foldingspice419@qq.com,2,2,2,1,2,2,1,2,1,1,1,1,1,1,2,2,2,1,2,1,1,2,1,2
deepshirt205@qq.com,2,1,1,1,1,2,2,1,2,2,1,2,1,1,2,0,1,1,2,2,2,1,2,2
slightlycup854@163.com,2,2,2,1,1,1,2,1,2,1,2,2,1,2,1,1,2,2,2,1,1,2,1,1
mostlyshack433@163.com,1,2,2,2,2,2,1,1,1,2,1,1,1,2,2,1,1,1,1,2,2,2,2,1
soiledshoes552@qq.com,2,1,1,2,2,2,2,1,1,1,2,1,2,1,2,0,2,1,0,2,2,1,2,1
coldbeans392@163.com,1,2,1,1,2,1,1,2,2,2,1,1,1,2,2,2,1,2,2,1,1,2,1,2
oldspice997@163.com,2,0,1,1,2,2,1,1,1,1,2,2,2,2,1,2,2,1,2,2,1,2,1,1
coldshirt758@outlook.com,1,2,2,1,2,2,2,1,2,2,2,2,1,1,2,1,2,1,2,1,1,1,1,1
dailychrysler415@outlook.com,2,1,1,2,2,1,2,1,2,1,0,2,1,1,2,2,1,1,2,1,2,2,1,2
slightlyjug543@163.com,2,0,1,1,1,2,2,2,2,1,2,2,1,1,2,1,2,1,2,2,1,0,1,2
newjug678@qq.com,2,1,1,1,1,1,2,0,1,1,2,1,1,2,2,2,2,2,1,2,2,2,2,0
fishycola202@163.com,2,2,1,1,2,2,2,2,1,2,1,1,2,1,2,0,1,1,1,1,2,2,1,2
foldingshirt825@gmail.com,0,1,2,1,2,2,1,1,1,1,1,2,1,2,2,1,2,2,2,2,1,1,2,2
losttire321@yahoo.com,1,1,2,2,2,1,2,1,1,2,2,1,1,2,2,2,2,1,2,2,1,1,1,1
foldingtire898@163.com,1,1,1,2,2,2,2,2,1,2,1,0,1,2,1,2,1,2,1,2,1,2,1,2
tiredskates215@gmail.com,2,2,1,1,2,2,1,2,1,1,2,1,1,2,2,2,1,2,1,2,1,0,2,1
replacementsnake869@gmail.com,2,2,2,1,2,2,2,1,2,1,1,1,2,1,1,0,2,2,1,1,1,1,2,2
replacementsub489@qq.com,1,2,2,2,1,1,2,1,1,1,1,2,2,1,2,2,0,2,2,2,1,1,1,2
dirtyjug878@yahoo.com,2,1,1,2,2,2,1,1,1,1,2,1,2,2,1,2,1,2,1,1,2,2,2,1
foundtire583@yahoo.com,2,2,1,2,1,2,1,1,2,1,1,2,2,1,1,2,1,1,2,2,2,1,1,2
extrachrysler244@qq.com,2,1,2,2,1,2,2,2,1,1,2,1,2,1,2,1,0,2,1,1,2,1,1,2
extrajug610@qq.com,2,2,1,2,2,1,1,2,2,1,2,2,1,1,1,2,1,1,0,2,1,1,2,2
extrabeans70@outlook.com,1,2,1,1,1,1,2,1,1,1,2,2,2,2,2,1,1,2,2,1,2,2,1,2
moistdrum377@qq.com,2,2,1,1,2,2,1,2,1,2,1,1,1,1,1,0,2,2,1,2,2,2,2,1
tiredbeans502@163.com,1,2,1,2,1,2,2,1,1,2,1,1,2,2,2,0,2,2,0,1,2,1,1,2
foldingsnake23@outlook.com,2,2,2,2,1,2,2,1,1,1,0,2,2,2,1,1,2,1,2,1,1,1,1,2
deeprug330@outlook.com,1,1,1,1,1,1,1,2,2,2,2,2,2,2,1,1,0,2,2,2,1,2,1,2
acientshirt640@qq.com,1,1,1,2,1,2,1,2,1,2,2,2,2,2,1,1,2,2,1,2,2,1,1,1
hotshirt965@163.com,2,2,1,2,2,1,2,1,1,1,1,1,1,2,1,2,2,1,2,2,1,1,2,2
lostshack998@qq.com,1,2,1,2,2,2,1,2,2,1,1,2,1,2,1,0,2,2,2,1,1,1,1,2
foundtire213@163.com,1,2,2,1,2,2,2,2,1,2,0,1,2,1,1,1,2,2,0,2,1,2,1,1
extrabread902@qq.com,1,1,1,1,1,1,1,2,2,2,2,1,1,1,2,2,2,2,2,2,1,2,1,2
coldcola245@outlook.com,2,1,1,1,2,1,1,1,1,1,2,2,2,1,1,1,2,2,2,2,2,2,2,1
drywindow595@outlook.com,1,2,1,2,1,1,1,1,1,1,1,2,2,2,2,2,2,1,2,2,1,2,2,1
lostrug582@qq.com,1,2,1,1,1,2,1,2,1,2,2,2,1,2,2,1,1,2,1,1,1,2,2,2
dailydrum420@163.com,1,2,2,1,2,2,1,1,2,1,2,1,1,2,1,2,2,2,1,2,1,1,1,2
usedcup535@yahoo.com,2,2,1,1,0,1,1,1,2,2,0,1,2,2,1,1,2,2,2,2,1,1,2,2
hotspice483@163.com,0,2,1,1,2,2,2,2,2,1,2,1,1,1,2,0,2,2,0,2,1,1,1,2
soiledbike346@outlook.com,1,1,1,1,2,2,1,2,1,0,2,2,1,2,1,0,2,2,1,2,2,1,2,2
acientshirt261@outlook.com,1,2,1,1,2,1,1,2,2,1,1,2,2,1,2,1,2,1,1,1,2,2,2,2
coldsnake595@qq.com,2,1,1,1,2,1,2,1,2,1,2,2,2,2,2,1,2,1,1,2,1,2,1,1
freshyskates276@163.com,1,2,2,1,1,1,1,2,2,1,1,2,2,2,2,2,2,1,1,1,1,2,1,2
milkyshirt869@outlook.com,2,1,2,2,2,1,1,2,1,2,2,2,2,1,1,2,0,1,0,1,2,2,1,1
lostshoes272@yahoo.com,2,1,2,2,2,2,1,1,1,0,2,1,1,1,1,2,2,2,2,1,2,1,1,2
soileddrum982@yahoo.com,1,1,2,2,1,1,2,2,1,2,2,1,1,1,2,2,2,2,2,1,1,2,1,1
soiledspice317@outlook.com,2,2,2,2,1,1,1,1,2,1,2,2,2,2,1,2,1,1,1,2,1,2,1,1
soiledspice327@qq.com,1,1,2,2,2,1,2,2,1,2,1,1,0,1,2,1,2,2,2,1,1,2,1,2
fishyjug987@yahoo.com,1,1,1,1,2,2,2,1,2,1,2,1,1,2,2,1,1,2,1,2,2,1,2,2
foundbike70@163.com,1,1,1,2,2,2,2,1,1,1,2,2,2,1,2,0,1,2,1,2,1,2,2,1
drybread420@outlook.com,2,2,2,2,2,1,1,2,1,1,1,1,2,1,2,1,2,1,2,1,1,2,2,1
clamyrug979@gmail.com,2,2,1,2,2,2,1,1,1,1,1,1,1,2,1,2,1,2,2,2,2,1,1,2
retiredblanket929@163.com,2,1,2,2,2,2,2,1,1,1,2,1,1,2,2,1,2,1,1,1,1,1,2,2
replacementsub78@outlook.com,2,2,2,2,2,1,2,1,2,2,1,0,1,1,2,1,1,1,2,1,1,2,2,1
foldingskates673@163.com,2,2,2,1,1,1,2,2,2,1,1,2,2,1,1,1,2,1,2,1,1,2,2,1
hotbeans322@outlook.com,1,2,2,1,2,1,2,2,1,1,2,1,1,1,1,0,1,2,2,2,2,1,2,2
foundblanket843@yahoo.com,1,2,1,1,1,2,2,2,1,1,0,2,0,2,2,2,1,2,1,1,1,2,2,2
slimysnake152@163.com,2,2,1,2,2,2,2,2,1,2,1,2,2,1,1,0,2,1,1,2,1,1,1,1
foldingshoes824@yahoo.com,2,1,2,2,1,2,2,1,1,2,0,2,1,1,2,1,1,2,2,1,1,2,2,1
hotshirt754@163.com,1,2,2,2,1,2,2,2,1,2,1,1,0,2,2,1,0,1,2,1,1,1,2,2
buriedjug745@qq.com,2,2,1,1,2,1,1,2,1,1,1,1,2,1,2,2,1,1,2,2,2,2,1,2
clamybread380@163.com,2,2,2,2,1,1,1,2,2,1,1,2,1,2,1,1,2,1,1,2,2,2,1,1
milkyskates483@163.com,2,1,2,2,0,2,1,1,2,2,2,2,2,1,1,2,1,1,1,1,2,1,2,1
mostlyrug193@gmail.com,2,0,2,1,2,1,1,2,2,2,1,2,2,1,2,1,1,1,0,1,2,2,2,1
slimysnake530@yahoo.com,2,1,1,1,1,1,1,1,1,2,2,2,2,2,2,2,1,1,2,1,2,1,2,2
replacementjeep971@qq.com,1,2,2,1,1,1,2,1,2,2,1,2,2,1,2,1,2,2,1,2,1,2,1,1
tiredrug393@163.com,1,1,1,2,1,2,1,1,2,2,1,2,2,1,2,1,0,2,1,2,2,2,1,2
lostbeans368@yahoo.com,2,2,1,1,1,1,1,1,2,2,1,2,1,1,1,2,2,2,2,1,2,2,1,2
lostblanket105@qq.com,1,1,1,2,2,2,1,2,1,2,2,1,0,2,2,1,2,2,1,1,1,1,2,2
retiredshoes879@gmail.com,2,2,2,1,1,1,2,1,2,2,2,1,1,1,1,2,2,1,2,1,1,2,2,0
coldtire24@163.com,2,2,2,2,2,1,2,1,1,2,1,2,1,2,1,1,2,1,1,2,2,1,1,1
clamyskates401@yahoo.com,1,0,1,1,2,1,2,2,2,1,1,1,2,2,2,1,2,2,0,1,1,2,2,2
dirtybread226@163.com,2,1,2,1,2,1,1,1,1,2,1,1,1,1,2,1,2,2,2,2,2,2,2,1
dirtyjeep853@163.com,1,2,1,1,2,2,2,1,1,2,1,2,1,2,2,2,1,2,2,1,1,1,1,2
mostlybread375@163.com,2,1,2,2,2,1,0,2,2,1,2,1,2,1,2,1,2,1,1,1,2,1,1,2
fishyhat767@yahoo.com,2,1,1,2,2,1,2,2,1,1,2,1,2,1,1,2,1,1,2,1,1,2,2,2
slimyhat489@yahoo.com,2,2,1,1,1,2,2,0,1,1,2,1,1,2,2,2,1,1,1,1,2,2,2,2
newtide96@gmail.com,2,1,2,2,2,1,1,1,2,2,1,1,1,2,2,1,2,1,1,1,2,2,1,2
foundjeep250@outlook.com,2,1,1,1,2,2,2,1,2,2,2,2,1,1,2,1,1,1,1,1,1,2,2,2
soiledskates254@163.com,2,1,1,1,2,1,2,1,1,2,2,2,1,1,1,2,2,1,1,2,2,1,2,2
buriedcup578@gmail.com,2,2,2,2,1,1,1,2,2,1,1,2,2,1,1,1,1,2,1,2,2,2,1,1
retiredchrysler532@yahoo.com,2,1,1,2,2,1,2,2,2,1,1,1,2,1,2,1,1,1,2,2,1,1,2,2
freshyskates510@gmail.com,2,2,1,2,1,2,1,0,1,2,2,2,2,1,1,2,0,2,1,2,1,2,1,1
foldingshack153@163.com,1,2,2,1,2,2,2,1,2,2,1,1,2,1,1,1,2,1,1,2,2,1,1,2
slightlyblanket839@yahoo.com,1,1,1,2,2,1,1,2,2,2,1,1,2,1,1,0,2,1,2,2,2,2,1,2
extrasnake176@163.com,2,2,1,2,2,1,1,1,2,1,1,2,2,1,2,2,0,1,2,1,1,1,2,2
acientcup779@163.com,1,1,1,2,1,2,2,1,1,1,2,2,2,1,2,2,1,2,1,2,2,2,1,1
foundcup74@qq.com,1,1,1,2,1,2,2,2,1,1,1,2,2,2,2,1,2,1,1,2,1,1,2,2
hotwindow394@163.com,1,1,2,2,1,2,2,1,1,1,1,2,1,2,2,2,1,2,1,1,2,2,2,1
retiredrug114@163.com,1,2,2,2,1,1,2,1,1,1,1,1,1,1,2,2,2,1,2,2,2,2,1,2
tiredjug625@gmail.com,2,1,1,2,2,2,1,2,2,2,2,1,1,2,1,0,2,1,1,2,2,1,1,1
dirtybeans815@qq.com,1,2,2,1,1,1,2,2,2,2,1,2,2,1,1,2,2,1,1,2,1,0,2,1
soiledchrysler461@yahoo.com,2,2,2,2,2,1,1,1,1,2,1,2,1,2,1,2,2,2,1,1,2,0,1,1
dailyskates844@gmail.com,1,1,1,2,2,1,2,2,2,1,2,1,1,1,2,2,1,2,2,1,1,2,2,1
extrarug259@163.com,1,1,1,1,1,2,1,2,2,2,1,1,2,2,2,1,1,2,2,2,1,1,2,2
slightlyhat822@qq.com,1,1,1,2,2,2,1,2,1,2,1,2,1,1,1,2,2,2,2,1,2,1,1,2
milkybread793@yahoo.com,1,1,1,1,1,1,2,1,2,1,2,1,2,2,2,1,1,2,2,1,2,2,2,2
tireddrum864@yahoo.com,1,2,2,2,2,1,2,1,1,2,2,1,1,2,2,1,1,1,0,1,1,2,2,2
slimyskates481@qq.com,2,2,2,1,2,2,2,1,1,2,1,1,2,2,1,1,0,1,2,2,1,2,1,1
foldingshoes765@gmail.com,1,2,1,2,1,1,2,1,1,1,1,1,1,2,2,2,2,2,2,2,1,2,2,1
clamybread60@qq.com,1,1,2,2,1,1,2,1,2,2,2,1,2,1,2,1,1,2,1,2,1,2,1,2
newblanket40@gmail.com,2,1,2,2,2,1,2,1,1,1,2,2,1,2,2,2,2,1,1,2,1,1,1,1
fishysub444@gmail.com,2,1,1,1,2,1,2,1,1,2,2,1,2,2,2,2,1,1,1,1,2,2,1,2
newbeans603@163.com,1,2,1,1,1,2,1,1,1,2,2,2,2,1,2,2,0,2,2,1,1,1,2,2
dirtyblanket621@yahoo.com,1,0,1,1,1,2,1,2,1,2,2,2,2,1,2,0,2,2,2,1,1,2,1,2
soiledshack915@outlook.com,1,2,2,2,1,2,2,1,1,1,2,1,1,1,1,1,1,2,2,2,1,2,2,2
clamysnake538@gmail.com,1,1,2,2,2,2,1,2,1,1,2,1,1,2,1,1,0,1,2,1,2,2,2,2
slimytire474@qq.com,1,2,1,2,1,1,1,1,1,1,2,2,1,1,1,2,2,2,2,2,1,2,2,2
foldingblanket245@yahoo.com,2,2,1,1,1,2,2,1,1,2,2,1,2,2,2,1,1,1,2,1,1,2,2,1
lostsnake63@yahoo.com,2,1,2,2,1,2,1,0,1,1,2,2,2,1,1,0,2,2,1,2,2,2,1,1
acientsub844@outlook.com,2,2,2,0,2,1,2,2,1,2,2,1,1,1,2,1,1,2,1,2,2,0,1,1
usedspice41@outlook.com,0,1,1,1,1,1,2,2,1,2,2,1,2,2,1,1,2,1,2,2,2,2,2,1
buriedhat167@qq.com,2,2,2,1,1,2,2,2,1,1,0,2,1,2,2,1,2,1,1,1,1,2,1,2
deepdrum787@163.com,2,1,1,1,1,1,2,2,1,1,2,1,1,2,1,2,2,2,2,2,1,1,2,2
dirtychrysler29@qq.com,1,1,1,1,2,1,1,1,1,2,2,2,1,2,2,2,1,1,2,2,2,1,2,2
acientsnake313@yahoo.com,2,2,2,2,2,2,2,1,1,1,2,1,1,1,1,1,1,1,2,2,2,2,1,1
drychrysler923@163.com,2,1,1,1,1,2,2,2,2,0,1,2,2,2,2,1,2,1,1,2,1,1,2,1
tiredcola545@qq.com,1,2,2,1,1,2,2,1,1,1,1,2,1,1,1,2,2,2,2,2,2,2,1,1
freshyrug122@yahoo.com,1,2,2,1,2,1,2,1,2,1,2,1,1,2,2,1,1,1,2,1,2,2,1,2
lostblanket26@gmail.com,2,2,1,1,2,1,1,2,1,2,2,1,2,1,2,1,2,1,2,2,1,2,1,1
mostlydrum726@163.com,2,2,2,1,1,1,2,2,1,1,1,1,2,1,2,2,1,1,2,1,2,2,1,2
mostlytire545@outlook.com,1,1,2,2,2,2,2,1,1,2,1,1,2,1,1,2,1,2,2,2,2,1,1,1
clamycola39@outlook.com,1,2,2,2,1,1,2,1,2,1,1,2,1,1,1,1,2,2,1,2,2,2,1,2
clamybread416@qq.com,2,1,2,2,2,1,1,1,2,1,2,1,1,1,1,2,0,2,1,2,2,1,2,2
usedblanket212@yahoo.com,2,1,1,1,1,2,2,1,2,1,1,0,1,2,2,2,2,2,2,2,1,1,1,2
deepbread387@yahoo.com,1,2,1,2,1,2,1,2,1,1,1,2,1,2,1,2,2,1,1,2,2,1,2,2
freshycola13@yahoo.com,2,1,2,2,1,1,2,1,2,2,2,1,1,2,2,1,1,1,2,1,1,1,2,2
freshyjug934@qq.com,1,1,1,1,0,2,1,1,2,2,1,2,1,2,1,2,2,2,1,1,2,2,2,2
slimyspice977@outlook.com,2,1,2,1,2,1,2,1,1,2,1,2,2,1,2,1,2,1,1,2,2,1,1,2
retiredrug132@gmail.com,2,0,1,2,2,2,2,1,2,2,1,1,2,1,2,1,1,2,2,1,2,1,1,1
deepjeep737@outlook.com,1,2,2,2,2,1,2,1,2,2,0,2,2,1,1,2,1,2,1,1,1,2,1,1
moistblanket515@163.com,1,1,2,1,1,1,2,1,2,2,2,2,2,2,2,0,2,2,1,1,2,1,1,1
dirtywindow723@qq.com,1,2,1,2,1,1,2,2,1,1,1,1,1,2,1,2,2,1,2,2,2,2,2,1
freshyjug820@gmail.com,0,1,1,1,1,2,2,1,2,2,1,1,2,2,1,1,2,2,1,2,2,2,1,2
fishybike496@gmail.com,1,1,1,2,2,2,1,1,1,1,1,1,1,2,2,0,2,2,2,2,1,2,2,2
extrashirt494@qq.com,1,2,1,1,2,2,2,2,1,2,1,1,1,2,1,0,2,1,2,2,1,2,1,2
coldsub442@yahoo.com,1,1,1,1,1,2,2,1,2,2,2,2,2,2,1,2,1,1,2,1,2,2,1,1
retiredrug377@outlook.com,2,1,1,1,1,2,1,1,1,2,1,1,2,2,1,2,2,1,2,2,2,2,1,2
usedshoes680@163.com,1,0,1,1,2,1,2,2,1,1,1,1,2,2,2,1,2,1,1,2,2,2,2,2
deepskates720@outlook.com,1,2,2,1,2,2,2,1,1,2,0,2,1,1,1,1,1,2,2,1,1,2,2,2
slimysub66@outlook.com,2,2,1,1,1,2,1,1,2,1,2,2,1,1,2,1,0,2,2,2,2,1,1,2
newbread41@qq.com,1,1,2,2,1,1,2,2,1,2,2,2,2,1,2,0,2,1,1,2,1,2,1,1
moistskates139@gmail.com,2,2,1,2,2,1,2,2,2,2,1,1,2,1,1,1,2,1,2,1,2,0,1,1
moistcup598@gmail.com,2,2,1,2,1,2,1,1,1,2,2,1,1,1,1,0,1,2,2,2,2,1,2,2
lostbread557@gmail.com,2,2,2,1,1,1,2,1,2,1,1,1,2,1,2,1,1,2,1,2,1,2,2,2
buriedshoes976@163.com,2,2,2,1,1,1,2,2,2,1,2,1,1,2,1,1,1,1,2,1,2,2,2,1
fishycola146@yahoo.com,2,2,2,1,1,1,2,1,2,1,1,2,2,1,2,2,1,2,1,2,1,1,2,1
usedhat940@qq.com,2,2,1,2,1,1,2,2,2,1,1,2,0,1,1,2,2,1,1,2,2,1,1,2
deephat759@qq.com,1,2,2,2,2,2,1,1,1,1,2,1,1,1,1,0,2,2,1,2,2,2,1,2
losttire149@163.com,2,1,2,2,2,1,2,2,1,2,0,1,1,2,1,1,1,2,1,2,1,2,2,1
lostshoes800@gmail.com,2,1,1,2,2,1,2,1,1,2,1,1,1,2,2,2,1,2,2,1,2,1,2,1
dirtyrug671@qq.com,2,2,2,2,2,1,2,2,1,1,2,1,2,2,1,1,1,2,1,2,1,0,1,1
milkyjeep140@qq.com,1,1,1,2,1,2,1,2,2,1,2,1,2,1,1,2,1,1,2,2,1,2,2,2
moistdrum239@gmail.com,1,2,2,2,2,1,2,1,1,2,2,2,1,2,2,0,2,1,2,1,1,1,1,1
foldingcola464@gmail.com,1,2,2,2,1,1,1,1,1,2,2,1,1,2,2,0,1,2,2,1,2,1,2,2
losthat653@yahoo.com,1,0,2,2,1,0,2,2,2,2,1,1,2,2,2,1,0,1,1,2,2,1,1,2
soiledhat362@outlook.com,2,2,2,2,2,1,1,1,1,1,1,2,1,1,2,1,2,2,1,2,1,1,2,2
extrajeep28@163.com,2,2,1,2,1,1,2,2,2,2,2,1,1,1,1,0,2,2,1,1,2,1,1,2
buriedrug78@outlook.com,0,2,1,1,2,1,2,2,1,1,2,2,1,2,2,2,1,2,1,1,1,2,1,2
dailywindow925@163.com,2,1,1,2,2,2,2,1,1,1,2,2,1,2,1,1,0,2,0,1,2,2,2,1
buriedwindow327@qq.com,2,2,2,1,2,1,2,1,2,1,2,1,1,1,2,1,2,1,2,1,1,2,1,2
foldingshoes454@qq.com,1,1,1,1,1,2,2,1,1,1,2,2,1,2,2,1,2,2,2,2,1,2,1,2
tiredcola246@qq.com,2,1,1,2,2,2,1,2,1,1,2,1,1,1,1,2,2,2,1,2,1,2,2,1
hotwindow58@qq.com,1,2,2,1,2,1,1,2,1,1,1,2,2,1,2,1,2,1,2,2,2,2,1,1
mostlydrum560@qq.com,2,2,1,1,2,2,1,2,1,1,1,1,2,2,1,2,0,2,1,2,1,2,2,1
lostshoes250@163.com,1,2,2,1,2,2,1,2,2,1,1,1,2,1,2,1,2,1,2,1,1,2,1,2
replacementshoes188@qq.com,2,2,2,1,2,1,2,1,2,2,1,2,1,1,1,2,0,2,1,1,1,1,2,2
lostcola143@gmail.com,1,2,1,2,2,2,2,1,1,2,2,1,1,1,1,2,1,2,1,2,1,2,1,2
acientbeans988@qq.com,1,2,1,2,1,2,2,1,2,2,1,2,1,1,1,2,2,1,2,2,1,1,1,2
dirtydrum427@outlook.com,1,1,1,2,2,1,1,1,2,2,1,1,0,2,2,1,1,2,2,2,1,2,2,2
tireddrum457@qq.com,1,1,2,1,1,1,1,2,1,1,2,1,1,2,2,2,2,2,2,2,1,2,1,2
clamyjeep85@qq.com,2,0,1,1,1,2,1,1,1,2,2,1,2,2,2,2,2,2,1,1,2,1,2,1
dryjeep909@yahoo.com,2,1,1,2,2,1,1,2,1,2,2,1,1,2,1,2,1,1,2,2,2,1,1,2
hotshack62@outlook.com,2,0,1,1,1,1,2,2,1,2,2,2,1,2,2,1,1,1,1,1,2,2,2,2
newbread177@gmail.com,2,2,1,1,2,2,2,2,1,1,1,2,2,1,1,2,2,1,2,2,1,1,1,1
retiredbike272@163.com,2,2,2,2,2,1,1,1,2,2,2,1,2,1,1,2,1,1,2,1,1,2,1,1
drysub201@yahoo.com,1,0,1,2,1,2,2,1,2,2,2,1,2,2,1,1,1,1,1,2,2,1,2,2
freshysub452@gmail.com,2,1,2,1,1,1,2,1,2,2,1,2,1,2,2,2,0,1,1,1,1,2,2,2
oldshack327@qq.com,1,2,2,1,2,1,1,2,2,1,2,2,2,1,1,2,2,2,1,1,1,2,1,1
losttide621@outlook.com,1,0,1,1,2,2,1,2,1,2,2,1,2,2,2,2,1,2,1,1,2,1,1,2
lostshack472@outlook.com,2,1,2,1,1,1,2,2,2,1,2,2,2,2,1,2,1,2,1,1,1,1,1,2
lostjug495@gmail.com,2,1,2,1,2,1,2,1,2,2,2,2,2,1,2,1,2,1,2,1,1,1,1,1
dailyrug258@gmail.com,2,0,1,2,1,1,2,1,2,2,1,1,2,2,2,1,1,2,2,1,2,2,1,1
slimyshoes897@yahoo.com,1,1,1,2,1,2,1,2,2,2,2,2,0,1,2,2,1,1,2,1,2,1,1,2
drywindow209@outlook.com,2,1,1,1,1,1,2,2,1,2,1,2,2,1,2,0,2,2,1,2,2,0,2,1
clamybeans229@outlook.com,1,2,2,1,2,1,1,1,2,2,1,1,2,2,1,0,2,1,1,2,1,2,2,2
moistshirt159@qq.com,2,2,2,2,1,2,1,1,2,1,1,1,2,2,1,1,1,2,1,1,2,2,1,2
dirtysnake367@163.com,1,1,2,1,1,2,2,1,1,1,1,2,1,1,2,2,2,1,1,2,2,2,2,2
tiredhat912@163.com,1,1,2,1,1,1,1,2,2,1,2,1,2,1,1,2,1,2,1,2,2,2,2,2
hotblanket72@outlook.com,1,1,2,2,1,2,1,2,1,2,1,1,1,2,1,2,2,2,2,2,1,1,1,2
deepsnake949@gmail.com,2,2,1,1,1,2,2,1,2,2,1,1,2,1,2,1,1,1,2,1,2,2,1,2
retiredsub770@outlook.com,2,1,1,2,1,1,2,2,2,1,2,1,2,1,1,2,2,2,1,1,1,1,2,2
deepjug151@gmail.com,1,1,1,1,2,2,1,1,2,2,2,1,2,1,2,1,2,1,1,2,2,1,2,2
newshirt787@yahoo.com,1,1,2,2,2,1,0,1,1,1,2,1,1,1,2,1,2,2,1,2,2,2,2,2
dryrug189@163.com,2,2,2,2,2,2,1,0,1,1,1,2,1,2,1,2,1,1,2,1,1,2,1,2
acientsnake426@gmail.com,2,1,2,1,1,1,1,2,1,1,2,2,2,2,2,0,2,1,2,2,1,2,1,1
clamyshack994@gmail.com,2,2,1,1,1,2,2,1,2,1,0,1,1,2,1,1,2,2,1,2,2,1,2,2
tiredcola522@outlook.com,2,2,2,1,2,1,1,1,2,2,2,1,1,1,2,1,2,2,1,1,1,1,2,2
buriedbike549@gmail.com,2,1,2,1,1,1,2,2,1,2,2,2,1,2,1,2,1,1,2,2,2,1,1,1
soileddrum428@outlook.com,2,1,2,2,2,1,2,0,1,2,2,2,0,2,1,2,1,2,1,1,1,0,1,2
replacementdrum272@qq.com,2,1,2,2,1,1,2,1,2,2,1,1,2,2,1,2,2,2,1,1,1,1,2,1
freshytire671@outlook.com,1,1,2,2,1,2,2,2,2,2,2,1,2,2,1,1,1,1,1,1,1,2,1,2
foundsub666@qq.com,2,2,1,1,2,2,2,1,2,2,1,1,1,1,1,2,1,1,2,2,2,1,2,1
retiredspice995@163.com,1,0,2,2,2,1,1,1,2,2,1,1,1,2,2,2,0,1,1,2,1,2,2,2
coldbike575@qq.com,1,2,2,1,2,1,2,2,1,1,1,2,1,2,2,0,1,2,2,1,2,1,1,2
drycup74@163.com,2,2,2,2,2,1,2,1,2,1,1,1,2,1,2,2,1,1,1,1,0,1,2,2
mostlyshoes415@outlook.com,1,2,1,2,2,1,2,1,2,2,0,2,1,1,2,2,1,2,2,2,1,1,1,1
dirtyblanket30@163.com,2,2,1,1,2,1,1,1,2,2,2,1,2,2,1,2,0,2,2,1,2,0,1,0
hotsnake582@yahoo.com,2,2,1,2,1,1,2,2,1,1,2,1,2,2,2,2,2,1,1,1,1,2,1,1
extraskates877@qq.com,1,2,2,1,2,2,2,1,1,1,1,2,1,1,1,1,2,2,2,1,2,2,1,2
acientwindow846@yahoo.com,2,2,1,1,2,1,2,1,1,2,1,2,1,2,1,2,2,0,1,1,2,2,2,1
foldingtire195@gmail.com,1,0,2,2,1,2,2,2,1,1,1,2,1,2,1,2,1,2,1,1,2,2,2,1
oldcola969@outlook.com,1,1,2,1,2,1,1,1,2,1,2,1,1,2,2,1,1,2,2,2,1,2,2,2
soiledrug216@yahoo.com,1,2,1,2,1,1,1,1,2,1,2,2,1,2,2,2,1,1,2,2,2,1,1,2
foldingcup217@outlook.com,0,2,1,2,2,2,1,2,1,1,1,1,2,1,1,1,2,2,2,1,2,1,2,2
soiledchrysler841@qq.com,1,2,2,1,0,2,1,2,1,2,1,2,0,1,1,2,1,1,2,2,2,2,1,2
foldingshoes441@outlook.com,1,1,1,1,2,1,2,1,2,2,2,1,1,2,2,0,2,2,2,1,2,0,2,1
lostsub790@outlook.com,2,2,2,1,1,1,2,2,2,2,2,1,1,1,2,1,2,1,2,1,2,1,1,1
dirtyskates629@qq.com,1,2,2,2,2,1,1,1,2,2,1,2,2,1,2,1,1,2,1,2,1,2,1,1
replacementtide500@gmail.com,0,2,2,2,2,2,2,2,1,1,1,2,2,1,2,1,1,1,0,1,1,2,1,2
dryblanket962@gmail.com,1,2,2,2,1,1,2,2,1,2,1,2,2,1,1,1,1,2,2,2,1,2,1,1
replacementskates473@outlook.com,2,2,2,2,1,2,2,1,1,2,2,1,2,1,1,2,1,1,2,1,1,0,1,2
mostlyrug334@outlook.com,1,1,1,1,1,2,1,2,1,2,1,2,2,2,2,1,2,2,0,2,1,1,2,2
dailycola618@163.com,2,1,2,1,2,2,1,1,2,1,1,2,1,2,1,2,2,2,1,2,1,1,1,2
foundchrysler755@outlook.com,1,2,1,2,1,1,1,2,1,1,2,2,1,2,2,2,1,2,2,1,1,1,2,2
oldsub471@outlook.com,1,1,1,1,2,2,1,0,1,2,2,1,2,2,1,2,2,2,1,2,2,1,1,2
clamytire770@163.com,1,2,1,2,2,1,2,1,2,2,1,1,2,1,1,2,2,1,2,1,1,2,2,1
retireddrum214@gmail.com,2,2,1,2,2,2,2,1,1,1,2,1,1,2,1,1,2,1,1,2,1,2,2,1
slimytire767@yahoo.com,2,2,2,2,2,2,2,2,1,1,1,1,1,1,1,1,0,1,2,1,2,1,2,2
buriedbread664@qq.com,2,2,1,2,2,1,1,1,1,2,1,1,2,2,1,2,2,2,1,2,1,1,1,2
retiredbeans240@outlook.com,1,1,2,2,2,2,1,1,2,2,1,2,2,1,1,0,1,2,1,2,1,2,1,2
lostshack251@gmail.com,2,2,2,2,1,2,2,1,1,2,2,1,1,1,1,1,1,1,1,2,2,2,1,2
dailysnake238@163.com,1,2,2,1,2,2,2,1,1,2,2,1,1,2,1,2,0,1,2,2,1,2,1,1
lostshoes562@163.com,2,2,1,2,1,1,2,1,1,2,0,2,0,2,1,2,1,2,1,1,2,2,2,1
clamyshirt97@gmail.com,1,1,1,2,2,2,2,2,1,1,2,2,1,2,2,2,2,1,1,1,1,1,1,2
slimysub111@yahoo.com,1,0,2,2,2,2,2,1,2,2,2,2,2,1,1,0,1,1,1,2,1,1,2,1
retiredshirt279@yahoo.com,1,0,2,2,2,1,2,1,2,1,1,2,1,1,1,1,2,1,2,2,1,2,2,2
milkydrum168@qq.com,2,1,1,1,1,2,1,2,2,2,1,1,1,2,1,2,2,2,2,1,2,1,1,2
freshybike25@outlook.com,2,1,2,1,1,1,2,1,2,2,1,2,1,1,1,1,2,2,2,1,2,2,1,2
tiredbeans506@gmail.com,2,1,1,1,2,2,1,1,2,2,1,2,2,1,1,1,2,2,2,1,1,2,2,1
oldshirt484@outlook.com,2,1,2,2,1,1,1,1,2,2,2,1,2,2,2,2,2,1,0,1,1,1,2,1
milkyjeep919@163.com,1,2,2,1,1,2,1,2,2,2,0,1,1,1,2,1,1,2,2,2,2,2,1,1
coldtide276@qq.com,1,2,2,1,1,2,1,2,2,1,2,2,1,2,2,1,2,1,1,1,2,0,2,1
soiledcola668@outlook.com,2,2,1,1,1,1,2,2,1,1,1,2,1,1,2,1,2,2,2,2,2,1,2,1
lostrug304@outlook.com,1,1,1,1,1,2,1,2,1,2,2,1,2,1,2,2,0,1,1,2,2,2,2,2
oldshoes850@outlook.com,2,2,1,2,2,1,2,1,1,2,2,1,2,2,1,1,1,2,2,1,1,1,2,1
freshyrug762@yahoo.com,2,1,1,2,2,1,1,2,1,1,1,1,2,2,2,2,2,1,1,2,1,2,2,1
fishywindow924@outlook.com,2,1,1,2,0,2,2,2,2,2,1,1,1,1,2,2,0,2,1,2,1,1,2,1
usedcup757@yahoo.com,2,1,2,2,1,2,1,1,1,1,2,2,2,1,1,2,2,2,1,2,2,1,1,1
foldingshack365@yahoo.com,2,1,1,1,2,2,2,1,2,1,2,2,2,1,2,1,0,2,1,2,1,2,1,1
buriedtide928@163.com,1,1,1,1,1,2,1,2,2,1,1,2,1,2,1,2,2,2,2,2,2,1,1,2
oldsub460@163.com,1,2,2,1,2,2,1,1,2,1,1,2,1,1,1,2,0,2,2,2,2,1,2,1
mostlyjeep921@qq.com,1,1,2,1,2,1,2,1,1,1,2,1,2,2,2,1,1,1,2,1,2,2,2,2
lostjeep154@gmail.com,2,1,2,2,2,1,2,1,2,2,1,1,2,1,1,2,0,1,1,2,1,2,2,1
retiredcup294@163.com,0,2,1,2,1,2,2,2,1,2,1,2,2,1,2,1,1,2,2,1,2,1,1,0
replacementdrum66@outlook.com,1,1,2,2,1,2,1,2,2,2,2,1,2,2,1,0,1,1,1,2,2,0,1,2
newrug801@163.com,2,2,1,2,2,2,1,1,2,2,1,2,2,1,2,2,1,1,1,1,1,0,1,2
dirtyjeep922@qq.com,1,2,1,2,1,1,1,2,1,2,2,2,2,2,2,1,2,1,1,1,1,1,2,2
milkycup748@163.com,2,2,2,1,1,2,1,2,2,1,2,1,2,2,1,1,1,1,1,1,2,1,2,2
coldtide932@163.com,1,2,1,2,1,1,2,2,2,1,1,2,1,2,1,2,1,1,2,2,2,2,1,1
freshyshirt15@qq.com,1,1,1,1,1,2,2,2,2,2,2,1,1,1,2,2,1,2,1,2,1,1,2,2
soiledshack901@163.com,2,1,1,1,1,2,1,1,2,1,2,2,2,1,1,0,1,2,2,2,2,2,2,1
mostlyhat73@gmail.com,2,2,2,0,2,2,2,1,2,1,2,0,1,2,1,2,2,1,2,1,1,1,1,1
extracup696@yahoo.com,2,1,1,1,2,1,2,0,1,2,1,2,1,1,1,2,1,2,2,2,1,2,2,2
buriedchrysler423@gmail.com,1,2,1,1,2,2,0,1,2,1,1,1,2,1,2,1,2,1,2,1,2,2,2,2
fishywindow686@qq.com,2,2,1,1,1,2,1,1,1,2,1,2,1,1,1,2,2,2,2,2,2,1,2,1
freshybeans803@163.com,2,1,2,2,2,1,1,1,2,1,2,0,1,1,2,1,1,1,2,2,2,1,2,2
replacementshoes413@outlook.com,1,1,2,1,2,2,2,2,2,1,2,1,1,2,1,1,1,1,2,1,2,1,2,2
oldshirt689@gmail.com,2,1,1,2,1,1,2,2,2,1,1,2,2,2,2,1,2,1,0,1,2,2,1,1
coldtire254@yahoo.com,2,1,1,2,2,1,1,2,2,2,1,1,2,1,2,0,2,1,2,2,1,1,1,2
mostlytide114@gmail.com,2,2,1,1,2,1,2,2,1,2,1,1,1,1,2,2,1,0,1,1,2,2,2,2
tiredblanket888@163.com,2,1,2,2,2,1,1,1,1,1,2,2,1,1,2,1,2,2,1,1,2,2,2,1
freshycola294@outlook.com,2,1,1,2,2,2,2,1,1,1,1,1,1,2,1,1,2,2,2,2,2,1,1,2
dailyshirt402@163.com,2,1,1,1,2,2,2,1,2,2,1,1,1,1,2,2,1,1,2,2,2,1,2,1
slimycup889@163.com,1,2,2,1,1,2,1,1,2,1,2,2,2,2,2,2,1,2,1,1,1,1,2,1
hotrug57@outlook.com,2,0,2,2,2,1,2,1,1,1,1,2,2,1,2,2,2,1,2,1,1,2,1,1
dailyblanket260@gmail.com,2,2,1,2,1,2,1,1,2,2,2,1,2,1,2,0,2,1,1,1,2,1,2,1
slightlybread64@outlook.com,2,1,2,1,1,2,1,1,2,2,2,1,2,1,2,0,2,2,2,1,1,2,1,1
newrug187@qq.com,2,1,1,2,1,2,2,0,2,1,2,1,1,2,1,2,1,2,1,2,2,2,1,1
dirtyjug630@qq.com,2,2,1,2,2,1,2,2,2,2,2,1,1,2,1,1,1,1,1,1,2,2,1,1
foldingtire743@gmail.com,2,2,1,1,2,1,2,2,2,1,2,1,2,1,2,2,1,1,2,1,1,1,2,1
extrabeans243@qq.com,2,1,2,1,1,2,2,1,1,1,1,2,0,2,2,1,2,1,1,2,2,2,1,2
dailybike358@outlook.com,2,2,2,1,2,2,1,1,1,2,1,2,0,2,2,0,1,1,1,1,1,2,2,2
foldingcola277@yahoo.com,2,1,1,2,1,1,2,0,2,2,1,2,2,1,1,2,0,2,2,1,2,1,2,1
freshyhat675@gmail.com,2,0,1,2,0,1,2,0,1,2,1,2,2,2,2,2,1,1,2,1,1,2,2,1
soiledbread693@yahoo.com,2,1,1,1,1,1,2,1,2,2,2,2,1,1,1,2,2,2,2,2,1,0,2,1
lostshoes526@yahoo.com,2,2,1,2,2,2,1,2,1,2,2,1,0,1,1,2,1,1,1,1,1,2,2,2
foldingjeep400@yahoo.com,2,2,1,2,2,1,2,2,1,1,2,1,0,2,1,2,2,2,2,1,1,1,1,1
usedhat569@outlook.com,1,1,1,2,2,2,2,2,2,2,2,1,2,2,1,1,1,2,1,2,1,1,1,1
moistbeans222@gmail.com,1,0,1,2,2,2,2,2,1,1,2,2,1,2,1,2,2,1,1,1,2,2,1,1
buriedchrysler167@yahoo.com,2,2,1,1,2,2,2,2,1,1,2,1,1,1,1,2,2,1,0,2,1,2,2,1
fishywindow610@gmail.com,2,1,1,1,1,2,1,2,1,2,1,2,2,1,2,1,2,2,1,1,1,2,2,2
oldcola649@gmail.com,2,0,2,2,2,2,1,2,1,2,1,1,2,1,1,2,1,1,1,2,2,1,1,2
dirtyjeep976@gmail.com,2,1,1,1,1,1,2,2,1,1,2,2,1,2,1,2,2,2,1,1,2,1,2,2
oldbeans749@gmail.com,1,1,2,2,2,1,1,2,1,1,2,1,1,2,1,2,0,2,2,2,1,2,1,2
replacementcup75@qq.com,1,2,1,1,1,2,2,2,2,1,1,2,1,1,2,2,1,2,2,1,1,0,2,2
coldwindow340@qq.com,2,2,1,1,2,2,2,2,1,2,1,1,1,1,1,2,1,1,1,2,2,1,2,2
freshytide804@outlook.com,2,2,1,1,2,2,2,0,1,2,1,1,1,2,2,2,2,2,1,1,1,0,1,2
lostbike666@outlook.com,2,1,1,2,2,2,1,1,1,2,1,2,2,1,1,2,1,1,0,2,2,0,2,2
milkyshoes94@gmail.com,2,2,1,2,1,2,1,2,2,2,2,1,1,1,1,1,2,1,1,2,2,1,1,2
moistsub102@yahoo.com,1,2,2,2,1,2,1,1,2,2,1,1,1,2,1,2,0,2,2,1,1,2,1,2
soiledspice998@yahoo.com,2,2,2,1,1,2,2,1,1,1,1,2,1,0,1,2,2,2,2,1,1,2,1,2
buriedrug416@gmail.com,1,2,2,2,2,1,1,1,1,1,2,2,1,2,1,2,2,1,1,2,1,1,2,2
hotbike185@163.com,2,2,1,1,1,2,1,2,2,1,1,2,1,2,1,1,2,2,2,1,2,1,2,1
moisttire724@qq.com,2,2,1,1,1,1,1,2,1,2,1,2,2,2,2,2,1,1,2,1,2,1,1,2
mostlybeans279@qq.com,2,2,1,2,1,2,1,2,1,2,2,1,2,1,1,1,1,2,1,2,1,2,1,2
buriedtide230@outlook.com,2,0,2,1,2,1,2,1,1,1,1,2,1,1,1,2,1,2,2,2,2,2,1,2
milkywindow955@163.com,2,2,1,1,1,1,2,1,2,1,2,1,1,1,2,2,1,1,2,2,1,2,2,2
tiredhat19@163.com,1,1,2,1,2,2,1,1,1,1,1,1,2,2,2,0,2,2,0,2,1,2,2,2
hottide233@qq.com,1,2,1,2,1,1,1,2,2,2,2,1,2,1,1,2,1,2,2,2,2,1,1,1
newspice21@gmail.com,2,2,2,2,1,1,2,2,0,1,1,2,1,1,1,1,2,2,1,2,1,2,1,2
dirtyhat564@yahoo.com,1,0,1,2,2,1,1,1,2,2,2,2,2,1,2,2,0,2,2,1,1,2,1,1
acientrug76@yahoo.com,1,2,2,1,1,1,1,2,2,1,2,2,2,1,2,2,1,2,1,1,1,2,1,2
clamywindow134@qq.com,2,1,1,2,2,1,1,2,2,1,2,1,2,2,2,2,2,1,0,1,2,1,1,1
foundjeep749@yahoo.com,2,2,2,1,2,2,1,0,1,2,1,1,2,2,2,2,1,1,1,2,1,2,1,1
usedshirt220@yahoo.com,1,1,1,1,1,1,1,1,2,2,1,2,2,1,2,2,2,2,2,2,1,2,1,2
extrawindow378@outlook.com,2,1,1,2,1,2,1,2,1,2,2,2,0,2,2,2,1,1,1,2,1,1,1,2
retiredhat391@qq.com,2,2,1,2,1,2,1,2,1,2,2,2,1,1,1,1,1,2,2,2,1,1,2,1
slimyspice560@outlook.com,1,0,1,2,1,2,2,1,2,2,0,1,1,2,2,1,2,2,1,1,1,2,2,2
buriedshoes777@163.com,1,2,1,1,2,2,1,2,2,1,1,2,1,1,2,2,1,2,1,2,1,2,2,1
dirtyshack705@gmail.com,2,2,1,1,1,1,2,1,2,2,1,1,2,2,1,2,1,1,0,2,2,1,2,2
acientbike293@yahoo.com,2,2,2,2,1,2,2,1,1,2,1,2,1,2,1,0,1,1,1,2,1,1,2,2
lostsnake353@qq.com,2,2,1,1,1,1,2,2,1,1,1,1,1,1,2,2,2,1,2,2,2,1,2,2
dailyshoes256@163.com,2,2,2,2,1,1,2,1,1,2,1,1,2,1,2,2,2,1,2,2,1,1,1,1
coldjeep238@gmail.com,2,1,2,1,1,2,2,1,2,1,2,2,1,1,2,2,1,1,2,2,2,0,1,1
soileddrum807@163.com,2,1,2,1,1,1,2,2,1,2,1,2,2,2,2,0,2,1,2,1,2,1,1,1
newbeans13@gmail.com,2,2,2,2,2,1,2,2,2,1,1,1,1,1,1,0,1,2,1,2,1,2,1,2
hotbread940@yahoo.com,1,2,1,1,2,1,2,1,1,2,2,1,1,2,2,2,0,2,2,1,2,1,1,2
fishyjug736@outlook.com,2,1,1,2,2,2,1,1,2,1,0,2,1,1,2,2,2,1,0,1,1,2,2,2
dirtycola527@outlook.com,2,2,1,1,1,2,1,2,1,1,1,2,2,2,2,2,1,2,1,1,2,1,2,1
slightlycup344@yahoo.com,2,0,2,2,1,1,2,2,1,2,1,2,1,1,2,0,1,1,2,1,2,2,1,2
usedbike574@163.com,2,1,1,2,1,2,1,1,1,1,2,2,1,1,2,1,2,2,2,2,2,1,2,1
buriedrug711@outlook.com,2,2,2,2,1,2,1,2,1,1,0,1,1,2,1,1,2,1,2,2,2,2,1,1
soiledchrysler911@163.com,1,1,1,1,2,2,1,2,2,2,2,1,2,2,2,1,0,1,1,2,1,1,2,2
tiredchrysler162@outlook.com,2,2,2,2,2,2,1,1,1,1,2,0,1,1,1,1,2,1,2,1,2,2,1,2
acientbike122@outlook.com,2,1,2,1,1,2,1,2,1,2,2,2,1,2,2,2,1,1,2,1,2,1,1,1
foldingjug596@163.com,2,2,2,1,1,1,2,1,2,2,1,1,2,2,1,0,1,2,1,2,1,1,2,2
dirtydrum461@outlook.com,2,1,1,2,1,2,2,2,1,2,2,1,2,1,2,1,0,1,2,1,2,2,1,1
buriedskates517@yahoo.com,1,1,1,1,2,2,2,2,2,2,2,1,0,1,2,1,2,1,1,1,1,2,2,2
dailysub75@qq.com,2,0,1,2,1,1,2,2,2,2,0,2,2,2,2,2,2,1,1,1,1,1,1,1
dirtysnake943@gmail.com,2,2,1,2,2,2,2,1,1,2,1,1,2,1,2,2,1,2,1,1,1,0,1,2
soiledrug702@gmail.com,2,2,1,2,2,1,2,2,1,0,2,2,1,2,2,0,1,1,2,1,1,1,1,2
freshyjug709@outlook.com,1,2,2,1,1,2,1,2,1,1,2,1,1,2,2,2,1,1,0,2,1,2,2,2
tiredbike837@qq.com,2,1,1,2,2,2,2,2,2,2,1,1,1,2,1,1,1,2,1,2,1,0,2,0
olddrum621@yahoo.com,2,1,2,1,2,1,2,2,1,2,1,1,2,1,1,2,2,2,1,2,1,2,1,1
retiredblanket59@yahoo.com,2,0,2,1,1,1,2,1,2,1,2,1,2,2,1,2,2,2,1,1,2,1,2,1
retiredspice806@qq.com,2,1,1,1,1,2,2,2,2,1,2,2,0,1,2,0,1,1,1,2,1,2,2,2
extrashack349@outlook.com,1,1,1,1,2,2,2,2,2,1,2,1,2,1,1,1,2,2,0,1,2,1,2,2
fishyshoes598@outlook.com,2,1,1,1,1,2,1,1,2,1,2,1,2,2,1,2,1,2,2,2,2,0,1,2
extrasub969@gmail.com,2,0,1,2,2,2,1,2,2,1,2,0,2,1,2,1,0,1,1,1,2,2,2,1
foldingsnake743@163.com,2,2,1,2,2,2,2,2,0,2,0,1,2,1,2,0,1,1,1,1,1,1,2,2
lostcola481@yahoo.com,2,2,2,2,2,1,2,1,2,1,1,1,1,2,1,0,1,1,2,1,2,2,2,1
replacementrug27@qq.com,1,1,1,2,2,1,1,2,1,2,2,2,2,1,1,1,1,2,1,2,1,2,2,2
replacementblanket619@outlook.com,1,2,1,2,1,2,2,1,1,1,2,1,1,2,1,1,2,2,2,2,2,2,1,1
buriedsub652@gmail.com,2,2,2,2,2,1,2,2,1,1,1,1,1,2,1,0,0,2,2,1,1,1,2,2
foundchrysler628@outlook.com,1,2,1,1,1,1,2,1,1,1,2,2,2,1,1,2,1,1,2,2,2,2,2,2
mostlyrug467@163.com,1,2,2,1,1,1,1,1,2,1,2,2,2,2,2,1,1,2,2,1,2,0,1,2
newbike482@gmail.com,2,1,1,2,2,1,1,2,1,2,2,1,2,1,2,1,1,2,1,2,2,1,1,2
founddrum576@outlook.com,1,2,1,2,1,2,0,2,2,1,1,2,1,2,2,2,2,1,1,1,1,2,1,2
clamysub426@163.com,2,1,2,1,1,2,2,1,1,1,2,1,2,2,2,2,2,1,2,1,1,1,2,1
fishyrug168@outlook.com,2,1,1,1,2,2,1,1,2,2,1,2,2,1,2,2,1,2,2,2,1,1,1,1
moistsub594@gmail.com,1,0,2,2,1,2,1,1,1,1,2,2,2,2,1,0,2,2,1,1,2,2,2,1
acientspice310@yahoo.com,2,1,2,1,2,2,1,1,2,2,1,1,2,2,2,2,1,1,1,2,1,1,1,2
retiredblanket962@qq.com,1,1,1,2,1,1,2,1,1,2,2,1,0,2,1,2,2,1,2,2,1,2,2,2
moistbread106@outlook.com,2,0,1,1,1,2,2,1,1,1,2,2,2,2,1,1,2,2,2,2,1,2,1,1
acientdrum553@163.com,1,1,1,2,2,1,1,2,2,2,2,1,2,1,1,2,1,1,2,1,1,2,2,2
oldskates155@163.com,2,1,1,1,1,2,1,1,2,2,1,1,2,2,1,1,2,1,2,2,2,2,1,2
foldingbike803@qq.com,1,1,1,2,1,2,2,1,1,2,0,2,1,2,2,2,2,2,2,1,1,1,2,1
freshybread879@qq.com,2,2,1,1,2,2,2,2,2,1,1,1,2,2,2,1,1,1,1,1,1,1,2,2
mostlyrug11@yahoo.com,2,1,2,2,1,2,1,2,1,1,2,2,1,1,1,1,2,1,2,1,1,2,2,2
usedcola449@outlook.com,2,1,1,1,2,2,1,2,2,1,1,1,2,2,2,2,2,0,1,2,2,0,1,1
tiredbike412@163.com,2,2,1,1,1,1,0,2,2,2,1,1,2,2,2,2,1,1,1,1,1,2,2,2
moistspice308@yahoo.com,2,2,2,2,1,2,2,1,1,2,0,1,1,1,1,0,1,1,2,2,1,2,2,2
moistrug274@gmail.com,1,2,2,2,1,1,1,2,1,2,2,1,2,1,2,1,2,2,1,2,1,1,2,1
fishybeans910@qq.com,1,1,2,2,1,1,1,1,2,2,1,2,2,2,2,1,0,1,2,1,1,2,2,2
dirtycola202@qq.com,1,2,2,1,2,2,2,2,1,1,1,1,1,1,1,1,2,2,2,1,2,2,2,1
extrasnake977@yahoo.com,2,1,2,2,1,2,1,2,2,2,0,1,1,2,1,1,1,2,2,1,2,1,1,2
dailybeans915@gmail.com,2,1,1,2,0,2,2,2,1,1,1,2,1,2,2,1,1,1,1,2,2,2,2,0
fishyrug795@163.com,2,2,2,1,1,2,1,2,2,1,1,1,1,2,1,2,0,1,2,2,2,1,2,1
foundcola856@outlook.com,2,1,1,2,1,2,2,1,2,1,1,1,2,2,1,1,2,1,2,2,1,1,2,2
losthat757@gmail.com,2,2,1,1,2,1,1,1,2,2,1,1,2,1,1,1,2,2,2,2,1,1,2,2
hothat393@outlook.com,2,1,2,1,2,1,2,1,1,2,1,1,2,2,1,2,1,2,2,2,2,1,1,1
fishychrysler497@outlook.com,2,1,1,1,2,1,2,1,2,1,2,2,2,1,1,2,2,1,2,1,1,2,1,2
clamychrysler887@outlook.com,2,2,2,1,2,1,1,2,1,1,2,2,2,1,1,1,2,1,2,2,1,1,2,1
coldchrysler84@163.com,1,2,1,2,1,2,1,2,2,2,2,1,2,1,2,0,1,2,2,2,1,0,1,1
slimyspice531@yahoo.com,2,2,2,1,1,1,1,2,1,2,0,2,1,1,2,2,1,2,2,1,1,1,2,2
hotcola537@outlook.com,2,1,2,1,2,1,1,1,2,2,0,2,2,2,2,1,1,2,1,2,1,2,1,1
oldcola230@163.com,1,1,2,2,0,2,1,2,2,1,1,2,2,2,1,0,2,2,0,2,1,1,0,2
slightlycup665@163.com,2,2,1,2,1,1,1,2,1,1,1,1,2,1,1,2,1,2,2,2,1,2,2,2
founddrum766@outlook.com,2,2,1,1,2,1,2,1,1,1,1,1,1,1,1,2,2,2,1,2,2,2,2,2
slimyshirt629@qq.com,1,2,2,2,2,2,1,2,2,1,0,1,1,1,1,2,1,2,1,1,2,2,1,2
foundcola593@gmail.com,1,1,2,2,2,1,1,0,1,2,1,2,2,2,1,2,2,1,1,2,2,1,1,2
oldrug50@gmail.com,2,1,1,2,2,1,2,2,2,1,2,1,1,1,1,1,2,2,2,1,2,1,2,1
lostcup112@gmail.com,1,2,2,1,1,2,2,2,1,2,0,2,2,1,1,0,1,1,2,1,1,2,2,2
extrajug762@yahoo.com,1,2,1,1,1,2,2,1,2,1,2,2,1,2,2,1,2,1,1,2,1,2,1,2
newshirt919@yahoo.com,2,2,1,2,1,2,2,2,1,2,2,1,2,1,1,0,0,2,2,2,1,0,1,1
soiledwindow952@163.com,2,1,2,1,2,2,2,1,1,2,2,2,1,2,1,2,2,1,2,1,1,0,1,1
slightlywindow917@163.com,1,2,2,2,2,1,1,1,2,2,2,1,2,2,1,1,2,1,2,1,1,1,1,2
retiredspice344@yahoo.com,2,2,1,1,1,1,1,1,2,2,1,2,1,2,1,2,2,2,1,2,1,2,1,2
deepsnake541@outlook.com,1,1,2,2,2,2,2,2,1,1,1,1,1,1,2,2,0,1,2,2,1,2,1,2
soiledshirt954@qq.com,1,1,1,2,1,2,2,1,2,1,1,1,2,1,2,1,1,2,2,2,2,2,1,2
usedwindow611@qq.com,1,0,2,2,1,1,1,1,2,1,2,2,1,2,1,2,2,1,1,2,1,2,2,2
fishyblanket623@qq.com,1,1,2,2,1,1,2,1,2,1,1,0,0,2,2,2,2,2,2,2,1,2,1,1
deepbeans747@yahoo.com,1,2,1,1,2,1,2,2,2,2,1,2,1,2,1,1,2,2,1,1,1,2,1,2
tiredspice340@163.com,1,1,1,2,1,2,1,2,1,2,2,2,1,1,2,2,2,1,2,1,1,1,2,2
freshyrug19@yahoo.com,1,2,1,1,0,1,1,1,2,2,1,2,2,2,2,1,2,2,0,2,1,2,1,2
newdrum982@qq.com,2,1,2,2,1,2,1,2,2,2,2,2,1,1,1,1,2,2,2,1,1,1,1,1
moistshoes972@outlook.com,2,1,1,2,1,2,2,2,1,1,2,1,2,1,1,0,2,2,1,1,1,2,2,2
foundshirt78@qq.com,2,2,1,2,1,1,2,2,2,2,1,1,1,2,1,1,2,2,2,1,2,1,1,1
buriedsub854@yahoo.com,2,2,1,2,1,1,1,2,2,1,2,2,1,2,2,0,1,2,1,2,1,1,1,2
freshyrug225@gmail.com,1,1,1,1,1,2,1,2,1,2,2,2,1,1,2,2,2,1,1,2,2,2,1,2
slightlyhat896@163.com,1,2,1,1,1,2,2,1,2,2,2,1,1,1,2,2,2,1,2,1,1,1,2,2
tiredsnake734@gmail.com,2,2,1,1,1,1,1,1,1,2,2,1,2,1,2,2,2,1,2,2,1,2,2,1
coldblanket944@outlook.com,1,2,2,1,1,1,2,2,2,1,2,1,2,1,1,2,2,2,1,1,2,0,1,2
fishyjeep661@gmail.com,1,2,1,2,1,2,1,2,2,1,2,1,1,1,2,2,1,0,2,2,2,2,1,1
fishysnake645@outlook.com,1,1,1,2,2,1,1,2,1,2,1,1,2,1,2,2,1,2,2,2,2,2,1,1
mostlyshoes245@163.com,1,1,1,2,1,2,2,1,2,1,2,2,2,1,1,2,2,1,2,1,1,1,2,2
dryshack366@qq.com,1,1,2,2,2,1,1,1,2,2,1,2,0,2,1,1,2,1,2,1,2,2,2,1
moistsnake81@qq.com,1,2,1,2,1,1,1,2,2,1,1,2,2,1,2,2,2,2,1,1,1,2,1,2
slimytide602@163.com,1,1,1,1,2,2,2,1,2,2,1,2,2,2,1,2,1,2,2,1,1,1,1,2
drychrysler697@yahoo.com,2,2,1,2,1,1,1,2,2,2,2,2,2,2,1,2,0,2,1,1,1,1,1,1
buriedjeep693@outlook.com,2,1,1,1,1,2,2,2,1,1,1,1,1,2,2,1,2,1,2,1,2,2,2,2
dailyshoes686@qq.com,2,2,2,1,1,1,1,2,1,2,2,2,2,1,1,1,0,1,1,2,2,2,2,1
buriedtire2@163.com,2,1,1,1,1,2,1,2,1,1,2,1,2,2,2,2,2,1,2,1,2,1,2,1
newjug703@163.com,1,1,2,1,1,2,2,2,1,2,2,2,1,1,2,1,2,1,1,2,2,0,1,2
