Maddy Morgan,fieryblinker603,p&izcvcm5U,soiledbike200@qq.com,Chandler
Matt Austin,spikeymoves821,aCj#pXgnzc,freshybike323@yahoo.com,Chandler
Amy Austin,hairystripe841,TeCc!FyUQU,dailyskates789@outlook.com,Chandler
Lina Feldman,dankpants115,rM8!Vhig2f,moistbike627@163.com,Chandler
Victor Riley,spookybum686,!3%&38aPY^,dryskates413@yahoo.com,Chandler
Cindy Austin,lunardocker340,Rgan&6QTpd,foundbread552@outlook.com,Chandler
Owen Smith,fieryguitar555,Zl&kMx$bjZ,acientcup238@outlook.com,Chandler
Coco Wang,hairyhorse138,Nz2TD4sKcD,buriedsnake868@qq.com,Chandler
Josey Oneal,slipperypopeye173,Wxc^piGSpR,slimyhat636@outlook.com,Chandler
Johnny Dunn,fierydocker32,bIj$CxPxnw,dirtybeans888@outlook.com,Chandler
Sunny Young,fieryshark492,$WPUaOMEax,oldjug372@gmail.com,Chandler
Patricia Lin,lameguitar9,Gn@xM1hVPE,extrabread553@qq.com,Chandler
Alex Lenz,spikeybum268,3xlgH2qffE,milkytire820@gmail.com,Chandler
Grace Liu,blindtiger688,dh#v1UIQ$0,retiredjug229@yahoo.com,Chandler
Yolanda Parker,blindliner521,zz0@HVpWs1,newbeans365@qq.com,Chandler
Judy Hogan,lametiger381,^IOf^Ebv!j,moistshirt918@163.com,Chandler
Violet McGrady,hairymoves324,av&s6SGJt9,foldingcup786@163.com,Chandler
Bobby Goldstein,dankdrifter793,dbeqUkMyXu,buriedskates672@outlook.com,Chandler
Abe James,blinddrifter735,0C@pc4WLIO,soiledshoes971@163.com,Chandler
Helen Dunn,fiestyguitar932,04^UrRPXEg,clamyspice948@outlook.com,Chandler
Eva Jordan,lamecat551,QnehR3S9mR,extrasnake663@gmail.com,Chandler
Yolanda Oneal,darkhorse521,8LLoY0MqLs,dirtybeans14@163.com,Chandler
Wayne Morgan,lunarmoves21,dFH2CfevKn,drybeans185@163.com,Chandler
Sarah Zhang,fiestystinker619,m%jFwa6rcr,foundhat579@gmail.com,Chandler
Oscar Goldstein,blindbum200,Fu7g5fDWBR,slightlyjug254@yahoo.com,Chandler
Nora Jackson,blinkingcat130,60iGTJu&JJ,retiredspice749@gmail.com,Chandler
Matt Oneal,burpingshark606,Yb%QF2ElR5,slightlytire36@qq.com,Chandler
David Oneal,darkbacon463,r8!HgJF40t,moistskates376@yahoo.com,Chandler
Bobby James,fiestydocker182,g8pBaxLm5^,tiredskates86@yahoo.com,Chandler
Kelly Kruger,spookycat69,VAJPOZk#f^,usedrug181@yahoo.com,Chandler
Wayne Ma,blindcat692,r7#WHMueLo,deeptire133@outlook.com,Chandler
Bobby Li,lameliner680,0wcwV#g8Sk,clamydrum820@outlook.com,Chandler
Kelly Austin,dinkynightmare340,2M2oCdIe6#,foundshirt542@yahoo.com,Chandler
Yolanda Baker,burpingguitar891,6S41g$$3k6,usedtire882@163.com,Chandler
Sarah Xu,hairypants302,5@T@kJefiQ,hotspice194@gmail.com,Chandler
Yvonne Rothschild,fierynightmare849,BfzzLoj6DS,foldingcola28@yahoo.com,Chandler
Dan Smith,spikeynightmare820,L$dJnYYzpD,extrabike590@outlook.com,Chandler
Victor Park,spookyliner84,MMle%Fk%Md,fishydrum493@yahoo.com,Chandler
Alex Barker,fiestyhorse39,WTve7!5c53,coldchrysler992@163.com,Chandler
Lina Kruger,snarkymonkey35,tb47vO5uKW,coldcup782@qq.com,Chandler
Patricia Liu,spikeystinker675,KTX7zz$@6&,slimybeans326@gmail.com,Chandler
Larry Zhu,fieryshark952,cizy%49E42,dirtywindow798@qq.com,Chandler
Patrick Baker,dinkystinker324,bDQoVdb65D,freshytide168@qq.com,Chandler
Maddy McGuiness,spicycat972,NgUaVpmoXl,coldtide977@gmail.com,Chandler
Teddy Smith,lameblinker340,8DMXu#npCd,foldinghat152@qq.com,Chandler
Amy Johnson,spicyblinker923,QgifD@#Ljk,deepblanket548@outlook.com,Chandler
Sunny McGuiness,blindpopeye150,HfR0h$PwzI,usedjeep164@yahoo.com,Chandler
Jasmine Zhang,sleepybacon888,OhJM2EqhNK,usedshirt122@163.com,Chandler
Oscar BradleyWoods,fierypants344,6x$h8Rmqbg,slimybread561@yahoo.com,Chandler
Wayne Ma,droopybacon354,8D%aUu8zKD,dailybread914@gmail.com,Chandler
Edgar McGrady,fierywheels254,j72@KnsoO8,deepshirt742@gmail.com,Chandler
Judy Baker,blinkingguitar246,!qL8MGKNo$,acientbread18@outlook.com,Chandler
Angela Xu,fierybum861,pSxU^tTsX#,oldchrysler227@outlook.com,Chandler
Gunther Oneal,sugarycat842,MOg&Fu^FH6,usedtide37@163.com,Chandler
Amy Johnson,dinkypopeye972,d1Wiv@&!pq,acientblanket316@yahoo.com,Chandler
Wendy Barker,hairytiger658,avkIh9L&g@,drycola993@163.com,Chandler
Matt Rothschild,sleepynightmare248,55P%gM&aX3,dailywindow99@gmail.com,Chandler
Edgar McGrady,spookybum201,jj8lNPl%vh,dryspice412@gmail.com,Chandler
Alex McGrady,hipshark381,ysVPu$wGgg,slimyskates43@163.com,Chandler
Yolanda Wang,hairycat145,XgVW$NT6fe,deepblanket774@outlook.com,Chandler
Frank Riley,fierywheels244,c^wBwHvFZs,buriedbread569@outlook.com,Chandler
Owen Austin,fieryhorse512,cF77UHPyVN,dailycup910@outlook.com,Chandler
Patrick Jordan,spikeybacon963,if!c9pZOxv,usedspice982@163.com,Chandler
Angela Maxwell,hairypopeye32,1z0BSTbmCb,mostlytire131@gmail.com,Chandler
Michael Oneal,sleepypants838,w!DWTrEBbE,acientbread121@qq.com,Chandler
David Young,spicydocker762,bkg08f#1j8,coldskates556@163.com,Chandler
Harry Riley,burpingmoves893,UCsHu0r7xE,lostsub932@163.com,Chandler
Patricia Dunn,burpingguitar726,eTG1P^q7%b,oldrug306@yahoo.com,Chandler
Barette McGrady,fieryliner496,yDd^WNnPYQ,oldchrysler712@gmail.com,Chandler
Patricia Jackson,spicycat705,xf4W1I^ph5,hotbike143@outlook.com,Chandler
Kelly BradleyWoods,snarkyshark485,aZNb@2u@7H,coldcup974@outlook.com,Chandler
Sammy Hogan,fierycat832,UrZZh0hq5q,foldingtide515@qq.com,Chandler
Albert Riley,dankguitar513,wUTSyhQ$VU,foundshack747@outlook.com,Chandler
Skylar Lin,blinkingwheels646,&aEHLxiL!Y,moistbeans966@163.com,Chandler
Frank Baker,blinkingdocker404,t#rGCSvs9x,mostlyspice339@gmail.com,Chandler
Michael Jones,sugarycat447,^ric%u%0hh,fishyshirt859@outlook.com,Chandler
Johnny Baker,fiestymoves463,3TC$DtFun%,drysnake580@gmail.com,Chandler
Howard Lin,blinddocker470,sRy4OVvJfK,soiledhat544@outlook.com,Chandler
Wendy Zhang,hipdocker454,cCadC5HQO3,useddrum754@163.com,Chandler
Otto Wang,fruitymonkey88,lh#DNk34aN,tiredtire285@yahoo.com,Chandler
Angel Parker,blinkingstripe241,cFCpm53mlI,dailyhat217@qq.com,Chandler
Maddy Smith,spikeymonkey343,vvHV@C!fz$,milkybread750@gmail.com,Chandler
Angela Hogan,spikeystinker280,47vbDr&aeo,foundjeep958@gmail.com,Chandler
Franz Kruger,dinkyblinker993,%@&pzHONaL,dirtyspice235@outlook.com,Chandler
Angela Jones,fruitynightmare569,xwiHICTRhP,newwindow655@qq.com,Chandler
David James,burpingmoves659,@3EEkL7zk^,retiredtide337@outlook.com,Chandler
Johnny Kruger,spikeynightmare349,em!3q7Yv^y,fishybike986@qq.com,Chandler
Alex Liu,hairyshark403,o3$4gy0La%,mostlybread482@qq.com,Chandler
Skylar Johnson,sleepyblinker779,V5SL9Z0SGQ,newshack421@163.com,Chandler
Oliver Zhang,slipperydrifter649,nhcODuDMr#,deepbread546@qq.com,Ahwatukee
Owen Hogan,lunareyes33,sql7OqH9hG,hotsnake274@yahoo.com,Ahwatukee
Lester Zhang,hipbacon402,E&$smEjfsM,usedrug5@gmail.com,Ahwatukee
Lina BradleyWoods,burpingbum81,Wju3G1KbjG,hotcup793@outlook.com,Ahwatukee
Abe Oneal,lamefigher71,LUG5F4k9Ba,retiredsub266@yahoo.com,Ahwatukee
Alex Smith,spookystinker182,$@61D3wNZC,fishybread363@yahoo.com,Ahwatukee
Ryan Liu,lameliner905,fPMH7oz$4k,coldblanket679@outlook.com,Ahwatukee
Angela Liu,spicyeyes919,FGaKQ0DjHO,coldsnake85@qq.com,Ahwatukee
Nora Riley,fiestyhorse501,qAP46NZ%0c,dryrug490@yahoo.com,Ahwatukee
Patrick Morgan,blindbacon275,rbVj3HjHcN,deepsnake772@gmail.com,Ahwatukee
Jenny Hogan,hipbacon709,HYSrOyZ!Uf,extracola140@gmail.com,Ahwatukee
Eric Zhu,blinkingblinker757,Rvt8cZpYHH,usedcola500@yahoo.com,Ahwatukee
Jenny Barker,hipdocker963,HEG8UwZGAG,deepshoes878@outlook.com,Ahwatukee
Larry Xu,slipperydrifter718,PfQ5f4Zini,clamyspice389@163.com,Ahwatukee
Blanche Lenz,slipperymoves360,^$e19#1hM7,buriedwindow695@yahoo.com,Ahwatukee
Bobby Jackson,blindwheels612,qZ9vuI87UF,foldingcup778@outlook.com,Ahwatukee
Blanche Park,lamestripe591,P7NUZHqTsI,newshirt323@gmail.com,Ahwatukee
David Li,spookystinker951,zMXXVu#uKX,oldhat392@163.com,Ahwatukee
Johnny Jordan,droopyliner789,TbP75cD&1c,buriedcup356@outlook.com,Ahwatukee
Matt Hogan,fierywheels712,F0hp@GbSzU,clamybread980@163.com,Ahwatukee
Eva Austin,blindguitar788,s7zzGr@1xE,replacementshirt214@163.com,Ahwatukee
Teddy Maxwell,spikeyliner490,lN8U$YPMdN,soiledsnake79@yahoo.com,Ahwatukee
Blanche Maxwell,blindblinker592,oA6OFOYpwk,dailybread940@yahoo.com,Ahwatukee
Michael Feldman,darkstinker475,5r^Ie#2REh,replacementdrum860@gmail.com,Ahwatukee
Jasmine Oneal,spookystinker266,s7dd1ah%0f,dryspice502@gmail.com,Ahwatukee
Howard James,spookyguitar797,W9%wWf&9cd,newskates92@gmail.com,Ahwatukee
Eric Ma,dinkydocker74,M#9gE9SA#s,newbike640@gmail.com,Ahwatukee
Victor Rothschild,fruityliner297,yNC59N8yP9,newchrysler335@outlook.com,Ahwatukee
Blanche Maxwell,blindbum982,3CmE366bqT,oldwindow820@qq.com,Ahwatukee
Harry Jones,snarkybacon568,QRRsXJF2YF,moistshack97@qq.com,Ahwatukee
Kelly Liu,hiptiger240,^cN5NgY&KD,lostcola749@yahoo.com,Ahwatukee
Larry Park,lamebacon705,zZLu3Eic5l,dirtysub599@163.com,Ahwatukee
Albert Xu,droopytiger623,&hQIOXlJ%y,tireddrum663@163.com,Ahwatukee
Angela Riley,spicyguitar11,mqs!%Xf9Lc,moistwindow929@outlook.com,Ahwatukee
Grace Jordan,darkliner51,euk3#ncvrV,newtide512@gmail.com,Ahwatukee
Angel Rothschild,hipbum904,778135RQpn,milkyjug513@163.com,Ahwatukee
Matt Feldman,darkeyes971,KjdxkVC4W0,soiledshirt718@outlook.com,Ahwatukee
Dan Riley,hairyguitar801,UG5^9QCG6W,soiledshoes664@yahoo.com,Ahwatukee
Blanche Parker,lamecat141,d6gWli9P7S,clamyjug699@163.com,Ahwatukee
Amy Baker,droopystinker326,FWK$lr6CbY,clamyskates705@yahoo.com,Ahwatukee
Bobby Morgan,hipstinker377,$Om3HQr21@,slightlywindow471@gmail.com,Ahwatukee
Sunny Goldstein,spikeydrifter551,mZeoFf5KgZ,milkysub209@outlook.com,Ahwatukee
Olivia McGrady,blinkingstinker105,xm%q1PGDNJ,milkyshoes260@163.com,Ahwatukee
Angela Oneal,fiestypants826,IZY2koLgS$,foundbread558@outlook.com,Ahwatukee
Sammy Austin,blinkingshark458,rlrDGCbJu6,mostlyjug153@163.com,Ahwatukee
Cindy Baker,droopystripe129,!bzt&nvE&5,acientjeep537@163.com,Ahwatukee
Josey James,hipmoves521,twAbUV^39W,dailyhat533@outlook.com,Ahwatukee
Judy Lenz,slipperystinker415,6GV$35F@7h,soiledbike119@outlook.com,Ahwatukee
Howard Zhu,snarkywheels482,YQ1DcFovGT,extrasub515@yahoo.com,Ahwatukee
Maddy Lowenstein,snarkymonkey534,MmXrru8aOX,freshytide12@gmail.com,Ahwatukee
Wendy Li,fruitypants800,3jRT9dptac,mostlycup976@qq.com,Ahwatukee
Coco Lowenstein,dankstripe868,qeSoNaNr6k,replacementblanket784@163.com,Ahwatukee
Olivia McGrady,lamenightmare693,9b&h7N3tc6,usedshirt865@qq.com,Ahwatukee
Jasmine Morgan,blinkingcat112,LAD67bQ&7m,extrachrysler814@outlook.com,Ahwatukee
Patrick Jones,dankhorse837,Dzbvgiypce,acientblanket702@qq.com,Ahwatukee
Olivia McGuiness,blindblinker202,6PMcp@sj2a,retiredblanket121@163.com,Ahwatukee
Coco Jackson,snarkyfigher900,UeuY722h1L,mostlybike595@gmail.com,Ahwatukee
Coco Park,dinkyshark184,rfNMa6p^j7,retiredcup377@gmail.com,Ahwatukee
Abe Johnson,spikeypopeye276,JuPsY5MHIp,freshyspice185@qq.com,Ahwatukee
Sammy Ma,fiestybum293,w7m5NGR&Z4,mostlycola126@yahoo.com,Ahwatukee
Oliver McGuiness,dankeyes514,Ij4ESRO$DK,extraskates217@163.com,Ahwatukee
Harry Jones,lamepopeye203,zDpEyuV^J%,slightlyjug390@163.com,Ahwatukee
Angela Rothschild,darkmoves292,HbRcc1YPA&,retiredblanket962@yahoo.com,Ahwatukee
Grace Goldstein,darkcat307,lhoQTixSUs,foldingbeans104@gmail.com,Ahwatukee
Oliver Ma,lunardocker740,iPFhNo^Mk6,slimyhat932@yahoo.com,Ahwatukee
Howard Young,sleepymoves86,40NrtKgM6H,clamyshoes18@163.com,Ahwatukee
Larry Kruger,hairypopeye969,xU%m5Hcn5g,clamyshirt500@qq.com,Ahwatukee
Owen McGrady,sugaryhorse634,bUo&FI5l8m,deepshoes813@qq.com,Ahwatukee
Maddy Ma,spookymonkey141,mdC6cLaAn%,foldingchrysler517@qq.com,Ahwatukee
Jenny Oneal,slipperybum809,RDYH@ptNsF,hotshack271@qq.com,Ahwatukee
Abe Dunn,blinkinghorse811,f#2nZgd3CS,tiredshack292@gmail.com,Ahwatukee
Maddy Wang,lunarguitar925,dDR$^#Q@hh,fishywindow737@yahoo.com,Ahwatukee
Albert James,blindbum655,U$M$InPyK4,soiledcup851@outlook.com,Ahwatukee
Jasmine Jordan,fruitytiger844,@cP6LFNeV^,oldshack980@gmail.com,Ahwatukee
Edgar Riley,blindhorse355,I5GsL74&x2,lostdrum416@163.com,Ahwatukee
Jasmine Austin,fierypopeye129,#6f9YJbaqR,newbread192@gmail.com,Ahwatukee
Harry Rothschild,droopydocker466,J74nYr!wu8,clamyjug899@yahoo.com,Ahwatukee
Wayne Lowenstein,hairyliner422,QljScYTMfH,replacementshirt40@163.com,Ahwatukee
Angel James,lamebum493,&djSw9kL$G,freshyblanket903@qq.com,Ahwatukee
Eva Johnson,snarkydocker459,FDY#U54nF2,foldingsub921@gmail.com,Ahwatukee
Michael Baker,blindshark180,c@sBWguHUZ,dirtyshack540@gmail.com,Ahwatukee
Larry Ma,lamepopeye266,zi6SSiEikk,slimybeans511@qq.com,Ahwatukee
Skylar Barker,slipperyfigher569,y#m3lOkeAq,hotchrysler124@outlook.com,Ahwatukee
Violet Ma,droopyshark404,G5g!!lO@cN,moistjug851@outlook.com,Ahwatukee
Bobby Riley,fiestywheels310,wO69X9UPuK,acientrug266@gmail.com,Ahwatukee
Cindy Oneal,lametiger994,wluv^$7g2F,freshyspice871@qq.com,Ahwatukee
Kelly McGuiness,dinkypopeye567,UF4JESYVZi,lostshoes790@163.com,Ahwatukee
Cindy Lowenstein,spikeycat690,7@GtQr2ay3,milkyhat906@gmail.com,Ahwatukee
Patrick Goldstein,burpingdrifter119,Jo5at#8Pt1,replacementshoes99@outlook.com,Scottsdale
David Jordan,droopypants580,vyq0sq7v0Z,freshysub776@163.com,Scottsdale
Victor Young,sleepydocker782,6l@QiJxOU1,dirtydrum361@yahoo.com,Scottsdale
Sammy Jones,lameshark434,vypr0@AJiY,slimycola683@outlook.com,Scottsdale
Michael Dunn,hairyblinker622,U72dOkET5i,dirtydrum384@163.com,Scottsdale
Eva Lowenstein,snarkyhorse626,L3dUhgHKQ&,tiredtire843@163.com,Scottsdale
Abe Xu,spicytiger305,hhpIJ%jJnk,mostlyrug653@gmail.com,Scottsdale
Nora Zhu,spookynightmare518,WkeDW4UbgU,deepsnake957@qq.com,Scottsdale
Yvonne Jackson,lametiger521,Uph4ghdflm,clamyshirt749@163.com,Scottsdale
Helen Baker,dankdrifter52,ZIWHrFro2q,milkytide545@gmail.com,Scottsdale
Grace Rothschild,dinkystinker399,sIrdxjEL5F,coldshoes621@gmail.com,Scottsdale
Olivia Lin,lamemoves769,!oEX&27IVo,extraskates390@qq.com,Scottsdale
Bobby Lenz,slipperyshark753,sJ4dRNJBTa,lostbread363@gmail.com,Scottsdale
Wayne Austin,lamepants880,hv2x4gTp7N,oldcola533@yahoo.com,Scottsdale
Kelly McGrady,snarkydrifter657,434nV#csGp,oldchrysler191@qq.com,Scottsdale
Harry Liu,spookydrifter527,IzrrC5wlTc,dirtywindow29@163.com,Scottsdale
Bobby Jordan,lunarbacon323,6B3x%Qqxve,clamyblanket985@qq.com,Scottsdale
Holly Li,burpingbum411,4OR5sostzO,replacementsnake840@yahoo.com,Scottsdale
Angela Feldman,spikeybacon60,F%vHh%X5fv,freshyhat343@gmail.com,Scottsdale
Jasmine Jackson,dinkydocker113,sam6jdaVql,slightlywindow776@yahoo.com,Scottsdale
Yvonne Morgan,blinkingpants469,Zn!AZ$7wsh,dirtyskates685@yahoo.com,Scottsdale
Patricia Morgan,burpingmonkey627,77&8dPq2xF,clamyshack993@163.com,Scottsdale
Richard Riley,sleepytiger500,YKHYQNZgWZ,slimytire345@gmail.com,Scottsdale
Lina Maxwell,spookystripe738,SB&jUxXR8Z,clamyjeep153@163.com,Scottsdale
Matt Ma,fierycat236,tBcdejorL!,fishyjeep316@yahoo.com,Scottsdale
Dan Johnson,burpingpopeye243,!cRxsqFder,hotbike829@163.com,Scottsdale
Jasmine Xu,droopyshark671,re@8$XWUTz,dryjeep45@163.com,Scottsdale
Judy Li,blindliner85,XM^qVldx4Y,acientwindow492@gmail.com,Scottsdale
Cindy Zhu,blindwheels973,DFME1Osgrr,retiredcola606@qq.com,Scottsdale
Olivia Jones,hairyliner437,SiRACyx4JL,tiredbeans825@163.com,Scottsdale
Harry Liu,slipperyshark626,vJPdlKDTss,slimyshack348@163.com,Scottsdale
Angel Maxwell,lunarbum579,2$z9@qNoGs,moistsnake675@yahoo.com,Scottsdale
Teddy BradleyWoods,hipbacon404,nCfF34TNn1,deepdrum726@qq.com,Scottsdale
Otto Morgan,slipperyhorse775,AM1d^9Vi73,mostlyshack538@gmail.com,Scottsdale
Larry McGuiness,spicyliner570,&6nwoOmsdk,foldingskates613@gmail.com,Scottsdale
Coco Barker,spikeystinker108,7E#B&tyZbg,dryjug879@yahoo.com,Scottsdale
Violet Jones,darkwheels806,0o$OQKWyGe,acienthat353@yahoo.com,Scottsdale
Sunny Park,darkcat602,HOodnBQixV,hotsnake893@163.com,Scottsdale
Frank Austin,spicyhorse673,#nSheWhsEL,dailyshoes209@163.com,Scottsdale
Coco Johnson,spikeycat307,eqJc#fJNdT,foldingwindow54@yahoo.com,Scottsdale
Franz Li,snarkystinker490,rd4C2%z96K,mostlywindow259@qq.com,Scottsdale
Sunny McGuiness,spikeypopeye208,8zAid0ims3,mostlychrysler381@qq.com,Scottsdale
Angel Zhang,sleepystripe76,6FX7lk9824,deepshoes912@163.com,Scottsdale
Holly Jackson,dankwheels564,E77VedXYV0,freshywindow29@163.com,Scottsdale
Cindy Austin,spookydocker514,iOeri$M&2t,usedspice345@gmail.com,Scottsdale
Cindy Young,darkblinker118,2u#p2FId8!,moistshoes316@qq.com,Scottsdale
Lina Liu,sugarystripe693,7kLnRJz#UV,coldsnake463@outlook.com,Scottsdale
Josey McGrady,fiestyliner247,QM0C2ZrzcQ,losthat457@163.com,Scottsdale
David Jordan,blindpopeye570,AnSXtxwZmT,deepsub474@yahoo.com,Scottsdale
Wayne Jordan,fiestyhorse825,GIPTHPsNIV,usedcup447@yahoo.com,Scottsdale
Sammy Lenz,darkpants514,0@ifMVe^en,milkywindow853@yahoo.com,Scottsdale
Franz Riley,burpingmoves816,bBDHh^e^tt,retiredjeep648@163.com,Scottsdale
Blanche Young,spookytiger987,w&LYt2GDrf,deepcola71@qq.com,Scottsdale
Eric Park,spikeyeyes405,MjJFGUHM8$,soiledcup60@qq.com,Scottsdale
Otto Dunn,fruitywheels960,19kUBPdU@E,oldsub430@yahoo.com,Scottsdale
Wayne Riley,dinkyshark426,IBn4gNmlX!,coldblanket968@gmail.com,Scottsdale
Helen Morgan,sleepyblinker115,h504y$S7fS,moisttide843@qq.com,Scottsdale
Josey Morgan,sleepystripe778,F51bI04@DN,replacementskates447@outlook.com,Scottsdale
Olivia Rothschild,spikeytiger684,KdL^#A8jso,dailysnake707@qq.com,Scottsdale
Wayne Lin,spicybum200,5L!Flqtu@G,slimyshirt299@163.com,Scottsdale
Alex Lowenstein,blinkingshark570,YnbV6T@At2,newbike624@outlook.com,Scottsdale
Michael Xu,hairymoves31,mfcw^1J2vT,buriedjeep883@163.com,Scottsdale
Eva Dunn,slipperyblinker798,K2#I!$@f0O,milkybread911@163.com,Scottsdale
Wendy Feldman,lamemoves440,57FkbqdwjN,foundchrysler353@gmail.com,Scottsdale
Holly Jordan,spookynightmare380,6HmovVrOSm,foundrug2@yahoo.com,Scottsdale
Bobby Austin,darkmonkey514,gEeylmUROl,acientshirt492@gmail.com,Scottsdale
Eva Morgan,fierybacon818,YUrrnvIWpK,newsnake550@yahoo.com,Scottsdale
Ryan McGuiness,droopybacon919,QifAt4Nvbp,acientbike19@outlook.com,Scottsdale
Wayne Liu,dankcat618,q3mazqYQe8,usedspice635@gmail.com,Scottsdale
Angela Li,hipbacon619,JGwZV1k7Sd,oldcup634@yahoo.com,Scottsdale
Yolanda Morgan,dankhorse167,jubNRZwYQA,buriedbeans162@outlook.com,Scottsdale
Michael Liu,snarkyliner601,eN3FR%Pfb7,soiledbike20@gmail.com,Scottsdale
Oscar Park,spookywheels928,vsMgBSCfZu,drybread918@gmail.com,Scottsdale
Oscar Maxwell,darkmoves636,b7xQXrBqXm,dailycup574@outlook.com,Scottsdale
Larry Lowenstein,lamehorse941,Vu8%XxKu!X,newsnake821@gmail.com,Scottsdale
Wendy Maxwell,droopydocker206,&b!Wv^5EpH,dailywindow454@yahoo.com,Scottsdale
Barette BradleyWoods,dinkyblinker413,PiuWPQd5AC,milkyshoes505@gmail.com,Scottsdale
Eva Barker,hiptiger14,zlvoGxnzP3,replacementtide904@outlook.com,Scottsdale
Oliver Jones,snarkymonkey17,YFdEaTJCOS,acientbeans987@gmail.com,Scottsdale
Oliver Ma,fruitybacon553,!RS$Pkr2BT,deepdrum919@qq.com,Scottsdale
Lester Riley,droopynightmare335,xsOh0G!DjH,soiledrug889@gmail.com,Scottsdale
Victor Hogan,lunarpants292,DHf9%KmFyJ,coldtire810@yahoo.com,Scottsdale
Teddy Jordan,fiestybacon778,8XcuT$A#ZH,foundtire912@qq.com,Phoenix
Helen Austin,droopybacon274,nDLL4cFPe4,soiledsub425@163.com,Phoenix
Owen McGuiness,dankguitar282,jj%Waq@%Rl,moistbike54@163.com,Phoenix
Gunther BradleyWoods,spikeyeyes840,olePUxc4^f,foldingshack252@yahoo.com,Phoenix
Skylar James,darkmoves752,Sl1AwjG7ju,lostjug455@outlook.com,Phoenix
Howard Rothschild,burpingliner948,1bvwoOdLlS,foundtire500@gmail.com,Phoenix
Michael Young,hairyblinker170,tesulXSz#p,tiredwindow970@163.com,Phoenix
Helen Rothschild,slipperypopeye429,8&&MkUrUyQ,freshyshirt46@outlook.com,Phoenix
Skylar Park,hairytiger551,VZ8J3y@uaO,deepchrysler238@outlook.com,Phoenix
Violet Maxwell,droopybum837,wjSKdK8!Xs,coldshack140@outlook.com,Phoenix
Bobby Hogan,spicyshark921,9T866R!1xe,deepskates63@qq.com,Phoenix
Lina Zhang,lamestripe394,lq6#fSuhGj,foldingsnake605@163.com,Phoenix
Abe Ma,fruityhorse848,Rb&XIurMZI,slightlyrug271@yahoo.com,Phoenix
Edgar Hogan,blinkingmoves428,DjWqcQ0Xvk,foldingsnake113@yahoo.com,Phoenix
Violet Jones,lunarshark191,pKu89aq5pb,replacementchrysler733@163.com,Phoenix
Bobby Ma,dinkyeyes36,7a3$o$a^qE,usedrug645@yahoo.com,Phoenix
Johnny Austin,slipperypants888,2SYRU6ywPA,foundbread301@163.com,Phoenix
Lina Xu,blindpopeye762,5WipCTMB5W,foundshack343@gmail.com,Phoenix
Coco Zhang,fruitymoves858,5rcJFboP43,dailytire844@yahoo.com,Phoenix
Violet Riley,burpingtiger885,jgeR^5Uwo3,acientchrysler884@163.com,Phoenix
Cindy Austin,spookyhorse482,H1oNvtOKI@,tiredhat606@qq.com,Phoenix
Lester Morgan,blinkingstripe637,kwRc7N%NAt,retiredsnake534@outlook.com,Phoenix
Angela Liu,fruitynightmare322,Qq4oBM8t29,drycup651@163.com,Phoenix
David Park,fruitytiger655,CsF88hE6I7,lostjeep796@gmail.com,Phoenix
Jenny McGrady,fruitymoves804,LcRsO3ij!d,foundchrysler509@yahoo.com,Phoenix
Wayne Zhu,slipperynightmare1,09PLH$Ye08,dailyshoes843@qq.com,Phoenix
Eva Xu,darkeyes405,9eod1p9JKx,usedskates18@gmail.com,Phoenix
Wayne Riley,droopyguitar135,%KoY93T13Z,newtide749@gmail.com,Phoenix
Abe Young,slipperypants379,8RZ@xk2bJp,dailytire90@gmail.com,Phoenix
Wayne Lowenstein,sleepyhorse656,K2vkmqT!!6,hotskates95@qq.com,Phoenix
Teddy Barker,hairystripe766,1pDBWhqR^u,clamyspice962@yahoo.com,Phoenix
Wayne Jordan,dinkybacon975,5Rd3rIpd3w,hotwindow425@yahoo.com,Phoenix
Lina Zhang,blinkingpants454,s&neRf!j&0,extrasnake821@qq.com,Phoenix
Skylar Zhu,blindcat663,gugR6FXUr^,founddrum703@qq.com,Phoenix
Eva Jackson,spikeymonkey89,#wI0Kks9!o,drychrysler833@gmail.com,Phoenix
Sammy Li,burpingpopeye517,0E2Le89nMu,replacementshack840@outlook.com,Phoenix
Wayne Barker,darkfigher650,1598bB8@Z@,lostshirt339@yahoo.com,Phoenix
Skylar Liu,fiestyhorse542,a5Ibj^sPvU,burieddrum84@outlook.com,Phoenix
Franz Riley,dinkyguitar61,X5AEJymAXV,deeptide738@gmail.com,Phoenix
Oscar Jordan,darkbacon307,QnxuARo^kq,buriedblanket902@outlook.com,Phoenix
Frank Johnson,fierybacon32,SWKT4Gels5,replacementcup675@qq.com,Phoenix
Patricia Jones,dankshark216,9FXNOrT^x&,mostlysnake491@qq.com,Phoenix
Blanche Kruger,spookydocker629,qn%ad8aD0N,extrarug864@qq.com,Phoenix
Sarah BradleyWoods,blinkingbum834,Sm@DfJ!c0Y,coldhat974@gmail.com,Phoenix
Otto Austin,fiestyblinker59,1Gu#A!RYgN,slimytire42@gmail.com,Phoenix
Gunther Maxwell,blindmonkey368,&wt8I$fg^X,coldspice23@qq.com,Phoenix
Olivia Barker,dankbum345,bSAYOS9#6L,foldingsnake263@yahoo.com,Phoenix
Gunther Morgan,sleepypants330,uC@3o&dXTY,dailybike530@gmail.com,Phoenix
Skylar Lin,hipdrifter29,2!9EgRnuj6,foundshoes836@qq.com,Phoenix
Sammy Wang,spikeyshark390,k1Udb1dlax,usedspice200@qq.com,Phoenix
Edgar Wang,blindliner236,#HW8nnZtsr,milkyrug473@yahoo.com,Phoenix
Richard McGrady,lunarbum970,Iw5q&KSkG4,deeptire624@163.com,Phoenix
Angel Austin,snarkybacon815,SOe4CkX3bs,slightlyshirt355@yahoo.com,Phoenix
Jenny BradleyWoods,blinkingpopeye492,K1KCZDhhP@,replacementchrysler5@qq.com,Phoenix
Franz Morgan,blinkingstripe982,QE5d^DbD5t,foldingspice737@gmail.com,Phoenix
Otto Riley,burpingstinker492,KOSPXOE#o8,foundtide103@qq.com,Phoenix
Barette Jones,snarkytiger545,VwK!z9HHmJ,oldsnake346@yahoo.com,Phoenix
Angela Oneal,fiestydocker507,p^EcQ6KY9B,colddrum262@163.com,Phoenix
Kelly Xu,snarkycat1,kzj5s2fSXO,soiledshirt927@gmail.com,Phoenix
Yvonne Lowenstein,fruitynightmare817,ao5qyLVB0G,dryshirt284@gmail.com,Phoenix
Skylar Zhu,darkguitar504,$z7gxK6ihS,oldtide873@gmail.com,Phoenix
Matt Riley,spicydocker331,D@MXlYJ4e^,foundbeans35@163.com,Phoenix
Barette Lin,lunareyes333,CUztsflrkq,retiredsub614@outlook.com,Phoenix
Patrick Maxwell,blindfigher109,Z83rwR$zA&,coldwindow93@gmail.com,Phoenix
Lester Ma,dinkyblinker835,fGGiSYYqL0,extracola545@yahoo.com,Phoenix
Bobby McGuiness,lunarguitar164,ZFHQB9IUUL,extrasub180@qq.com,Phoenix
Wendy Maxwell,lunarbacon994,pw1p^X^143,mostlyblanket992@qq.com,Phoenix
Otto Dunn,blindmonkey703,94^rEceYYy,dirtybread769@gmail.com,Phoenix
Nora Park,droopystinker280,Cx8U6hlZP3,foundtide258@yahoo.com,Phoenix
Otto Lowenstein,dankstripe439,2bCqRmc10&,retiredspice520@163.com,Phoenix
Owen Morgan,fiestyeyes777,wo2p4&asMl,acientshoes397@163.com,Phoenix
Helen Xu,lamehorse792,1Ppipy!uau,freshyshoes711@gmail.com,Phoenix
Wayne Park,spicyblinker667,OWqdx12UCX,moistsnake909@outlook.com,Phoenix
Cindy Jones,fieryliner271,YtCFLI#7LC,buriedbread907@outlook.com,Phoenix
Sarah Jackson,snarkybum559,3jmhyxeRpb,newtire220@outlook.com,Phoenix
Michael McGuiness,fruitywheels422,RoEE$lqkxB,dirtydrum199@163.com,Phoenix
Patricia Parker,hippopeye626,J$4tuRVYw@,foundbeans7@163.com,Phoenix
Yvonne James,hipliner57,29Z@EowquP,foldinghat824@qq.com,Phoenix
Kelly BradleyWoods,droopystripe776,y4%29CZ!&y,acientbike144@yahoo.com,Phoenix
Wendy Ma,lunareyes419,ow7IyQV3xO,foundskates680@gmail.com,Phoenix
Dan Rothschild,fruitywheels220,VFSSvqlrJN,drywindow184@qq.com,Phoenix
Teddy Barker,sugaryblinker888,LHyJcr^Kfc,acientskates970@gmail.com,Phoenix
Josey Riley,fieryliner798,7tjn&5Ais8,slimyjeep659@qq.com,Phoenix
Victor Smith,lunarfigher1,cv&zo0BNHi,hotshack645@163.com,Phoenix
Oscar James,dankshark923,Pisrabx6k2,drywindow943@qq.com,Phoenix
Frank James,droopybum492,%MQ3jj5^ub,replacementsnake137@gmail.com,Phoenix
Johnny Zhang,snarkystripe838,pa3swyD8Vv,soiledwindow985@yahoo.com,Phoenix
Bobby Johnson,droopypopeye103,2Snon%J9@G,extraspice523@gmail.com,Phoenix
Violet BradleyWoods,fieryfigher867,FtM&EDyPB6,soiledrug174@163.com,Phoenix
Sunny Riley,burpingpants328,qv@7BcFYxB,dirtytide740@gmail.com,Phoenix
Oliver Dunn,fiestytiger425,sM3Whs6NU@,slimyjeep386@163.com,Phoenix
Angel Oneal,lunarstinker217,%AG83cX^mR,foldinghat486@outlook.com,Phoenix
Franz Jordan,sleepypopeye312,Avz9xJiYp1,slightlybread757@yahoo.com,Phoenix
Violet Lowenstein,fruitypants244,CEqU%BAUj^,lostshoes128@163.com,Phoenix
Howard McGrady,droopyshark425,sSLoEVPjp5,clamyrug518@163.com,Phoenix
Gunther Jordan,slipperytiger909,i@K1xQu62U,dirtysub288@163.com,Phoenix
Franz Kruger,blinkingpants991,7sP5pBk17S,slightlydrum798@163.com,Phoenix
Josey Riley,burpingblinker986,IB3ey7P2Ai,clamybeans775@outlook.com,Phoenix
Sunny McGuiness,droopyhorse851,LKZRj^ibgy,moisttire840@outlook.com,Phoenix
Larry Goldstein,blindnightmare323,f5kld5kXIk,dailybeans459@qq.com,Phoenix
Larry Jordan,dinkymonkey191,Qmu1vrr1sh,milkyshack320@qq.com,Phoenix
Nora Barker,lunarmoves838,g#JYeowsac,fishytide407@gmail.com,Phoenix
Dan Smith,dankbum450,VZQSTYCUs!,lostshack328@gmail.com,Phoenix
Victor BradleyWoods,lametiger188,ZFqIz3Td5Q,hotrug940@gmail.com,Phoenix
Wendy Dunn,burpingdocker275,0k19U9JH3q,foldingshoes832@outlook.com,Phoenix
Holly Jackson,hipfigher850,TRGl^vg9&t,slightlyjeep112@yahoo.com,Phoenix
Wayne Riley,fruitybacon635,^&DlMEkQJ0,foldingblanket123@qq.com,Phoenix
Patrick Kruger,blinkingwheels678,e1u2QLB6jC,dryhat316@outlook.com,Phoenix
Wendy Lenz,spookypopeye652,gy1^lBpqeK,fishysnake533@yahoo.com,Phoenix
Wendy Morgan,fiestytiger731,QZZHfTh1sT,usedcola992@yahoo.com,Phoenix
Jasmine Dunn,spookymoves195,x6W^h!Dh7O,dailysnake442@outlook.com,Phoenix
Albert Park,fiestywheels314,J!W2h9P4Hm,hottide167@outlook.com,Phoenix
Helen Liu,snarkyliner801,SkIsBZHoox,slimycup961@163.com,Phoenix
Larry Goldstein,spookyfigher329,BV0bBiP$Cy,fishychrysler416@163.com,Phoenix
Skylar Kruger,spicymoves163,5obU6P4Jly,dailybeans457@163.com,Phoenix
Sammy McGuiness,lamedocker789,2i!AGQQVEy,soiledsnake93@qq.com,Phoenix
Howard Dunn,lameguitar139,gxngrCCi3T,milkyshoes757@yahoo.com,Phoenix
Alex Riley,sleepybacon699,VTatQBOgfl,foldingcola241@outlook.com,Dallas
Patricia Jackson,lunartiger231,wDMoZpJA8O,milkyshoes608@gmail.com,Dallas
Richard Li,darkguitar96,xkICAPefBr,fishybeans673@163.com,Dallas
Patrick McGrady,danknightmare978,wx&PvLr7bD,coldbread793@gmail.com,Dallas
Holly Baker,spookybacon525,Vf5dx2vTil,extraspice861@outlook.com,Dallas
Larry Zhu,snarkyeyes697,Zyg#kTt5j1,soiledtire703@163.com,Dallas
Cindy James,blinkingliner76,oBvpbPziC4,fishytire372@gmail.com,Dallas
Wayne Young,darkcat541,Yf#Y7U1RAS,drydrum979@gmail.com,Dallas
Gunther James,burpinghorse568,NN6FvImcwz,foldinghat916@yahoo.com,Dallas
Frank Feldman,fruitycat327,#22nOmWfh6,fishyspice176@qq.com,Dallas
Harry Jones,lunarfigher202,X^gLWwBWcr,retiredsnake808@gmail.com,Dallas
Harry Barker,darktiger656,r8BRwe#$Je,foldingtire722@163.com,Dallas
Sunny Rothschild,spicymoves192,@Sptk4ma%p,clamyspice717@outlook.com,Dallas
Larry Riley,slipperypants577,E8b9IcRi@E,foundsub142@qq.com,Dallas
Angela Jackson,fiestytiger935,Pov$Y9wb8V,soiledtide149@qq.com,Dallas
Sarah Parker,blinkingbacon269,5p^I$ZjQBm,extrashoes592@yahoo.com,Dallas
Bobby Jordan,droopycat803,cP@mqXCg!y,moistspice387@qq.com,Dallas
Holly Jones,fruitytiger715,K!D#YMbZfn,deepsnake600@yahoo.com,Dallas
Franz McGuiness,sugaryblinker61,N^58A6W9%U,moistwindow592@outlook.com,Dallas
Harry Hogan,spikeyhorse260,blTq$GsW#0,replacementsnake366@gmail.com,Dallas
Amy Young,sleepystinker825,i&F$Pr0vIu,newbread855@163.com,Dallas
Sarah Park,sugaryeyes762,LfTEvdlExN,freshytire743@outlook.com,Dallas
Nora Oneal,dankpants475,geLJu!#8b7,foundtide219@qq.com,Dallas
Yolanda Morgan,hairyhorse106,hQykiZYGHM,dryshirt414@163.com,Dallas
Jasmine Feldman,hippopeye643,zHQTn#QH1@,foldingbike830@outlook.com,Dallas
Michael McGuiness,blindpopeye32,UswfMuauTp,lostrug518@qq.com,Dallas
Matt Baker,dinkyeyes393,po@NLoWS$B,dirtysub525@gmail.com,Dallas
Kelly Liu,sleepycat900,w9@ffCm1WP,retiredblanket413@163.com,Dallas
Abe Liu,droopyfigher417,VFeEpTw@Ni,dirtysnake278@outlook.com,Dallas
Bobby Kruger,sleepywheels269,KbTgV0ykgu,slightlytire158@163.com,Dallas
Coco McGrady,snarkynightmare177,oidP^8FKKv,fishysub695@qq.com,Dallas
Yvonne McGuiness,spookyhorse919,Vf8k4HVzkR,fishyrug633@163.com,Dallas
Yvonne Riley,dankfigher139,5!eQS3!&6!,dailyspice363@outlook.com,Dallas
Otto Parker,dankmonkey582,eBd2@&5N3R,milkytide458@163.com,Dallas
Eva McGuiness,sleepyguitar737,R7AcN0Q3r9,slimyskates157@163.com,Dallas
Patrick James,sleepyliner366,hggvSLOLs$,dirtyhat787@gmail.com,Dallas
Holly Young,spookyshark507,ZNTMQGy#XG,dirtytire674@outlook.com,Dallas
Blanche Dunn,dankdrifter447,NoFYvkNloY,clamyshack71@qq.com,Dallas
Jasmine Morgan,spikeywheels423,ScoGzQUCMV,clamytire126@163.com,Dallas
Cindy Oneal,droopyeyes339,LP@viGTQ!t,dryjeep915@163.com,Dallas
Larry Lenz,fruitystripe105,@6Mu8DECq8,coldcup141@qq.com,Dallas
Holly Li,fiestypopeye527,FT$AHI40J^,oldchrysler964@163.com,Dallas
Holly Austin,lamehorse539,NAikoc3SV^,replacementbeans194@yahoo.com,Dallas
Richard BradleyWoods,fiestyliner252,a428GzYdKD,fishyblanket809@outlook.com,Dallas
Franz Parker,blindliner354,MY%7ft8zUq,mostlycup475@outlook.com,Dallas
Angel Parker,sleepymoves592,uao!@L#o8B,oldbread551@yahoo.com,Dallas
Maddy Maxwell,slipperydrifter899,^B1Swer$IP,mostlyshoes535@gmail.com,Dallas
Grace Rothschild,snarkyshark216,ae@O85SVHl,clamyblanket825@qq.com,Dallas
Cindy Austin,darkfigher357,ebXws@&m&I,foldingrug197@outlook.com,Dallas
Yolanda Parker,dankstripe845,c9@uwAlJ&g,slightlycup715@gmail.com,Dallas
Sammy Wang,spookybum566,RAAjh5H2WC,oldcola188@outlook.com,Dallas
Barette Jordan,hipmonkey136,hJi3Hxhn&c,foundshoes908@gmail.com,Dallas
Coco Lowenstein,fiestymoves808,fvXPEbuo3v,freshycola999@yahoo.com,Dallas
Eric Smith,fruitymoves772,C3WIpW@S^W,dailyspice289@gmail.com,Dallas
David Smith,dinkystripe79,CNPbO2C3^b,slightlyjeep732@163.com,Dallas
Josey Riley,fiestydocker271,65YLq$@c4J,extraskates465@qq.com,Dallas
Patricia Lin,lunarmoves350,$@hTv59lDJ,slimycola966@outlook.com,Dallas
Patricia Johnson,fiestypopeye601,sP78jORXWo,freshybread696@163.com,Dallas
Coco Hogan,lamepants570,6gTO!aErdV,slimyjug642@163.com,Dallas
Lina Liu,darkdocker990,WUIcln697^,foldingtide644@gmail.com,Dallas
Skylar Young,burpingnightmare775,@CtsF7XMcW,slimyrug911@163.com,Dallas
Skylar Barker,fruitybum954,kw218ZW7FI,replacementdrum150@163.com,Dallas
Owen Lin,spicydocker355,5pmEQFZAbt,foldingbread553@outlook.com,Dallas
Alex Riley,droopystripe198,V3m1XeH%s6,freshysub873@yahoo.com,Dallas
Richard Smith,hairyeyes401,RyX^TAvpgS,foundskates539@outlook.com,Dallas
Angela Dunn,spicyhorse292,iBK%eBaZED,dailywindow488@outlook.com,Dallas
Barette Li,sleepybum220,zFD11bfIc3,slightlyhat250@gmail.com,Dallas
Eric Austin,blinkingdrifter293,Mo^tVblPt5,replacementsub351@qq.com,Dallas
Victor Smith,sleepyliner373,pKM&^%1bPJ,fishytire276@gmail.com,Dallas
Blanche Morgan,fruitydrifter650,p&6e9TLif$,hotwindow293@gmail.com,Dallas
David McGrady,burpingbum524,X^gqL2@Fm%,extrajeep354@qq.com,Dallas
Howard Johnson,fieryeyes553,mg6WfgrrXO,foldingtide607@gmail.com,Dallas
Johnny BradleyWoods,fiestybum674,eAM2IU&$t8,foundhat659@163.com,Dallas
Michael Jones,burpingpants30,JXhlEnK9dc,dirtyrug889@163.com,Dallas
Sunny Jordan,spookystripe347,K$HTKHq&28,foldingcola566@outlook.com,Dallas
Barette Lenz,spicypants475,3Ztbo0$@nS,coldshack611@qq.com,Dallas
Yolanda Barker,slipperyliner366,X8k^Ri1uVx,foundjug643@yahoo.com,Dallas
Victor Riley,lamestripe93,zwT8RhZd0&,acientjeep593@163.com,Dallas
David Baker,blinkingcat497,J6yvVg@rdr,slightlywindow406@gmail.com,Dallas
Maddy McGuiness,snarkyhorse426,FDy5l%e#18,coldblanket498@qq.com,Dallas
Yolanda Ma,burpinghorse865,07BI2%T@7!,mostlyshack522@163.com,Dallas
Angel Oneal,spikeymonkey315,DjMphLMf7w,clamyjug891@163.com,Dallas
Eric Dunn,sleepynightmare680,5NbGh13kgm,buriedshoes758@outlook.com,Dallas
David James,sleepyshark909,XW%pg#IMIk,olddrum912@yahoo.com,Dallas
Frank Lenz,sleepyfigher312,$5QDF4YepJ,usedbike751@qq.com,Dallas
Victor Morgan,spikeystinker580,Ub$3x3DaRB,freshyjug808@gmail.com,Dallas
Owen Johnson,darktiger170,VobglsLsr9,extraspice708@qq.com,Dallas
Teddy Barker,dinkypopeye317,%pxvu9!WaC,slightlyshack127@outlook.com,Dallas
Sarah Dunn,hairytiger820,s%$Cu0OnRl,fishybike254@qq.com,Dallas
Holly BradleyWoods,slipperymoves51,GjrBlVLxqT,retiredshoes923@163.com,Dallas
Amy McGuiness,sugarywheels666,V6ryDn3E4o,slightlywindow508@gmail.com,Dallas
Ryan Kruger,dinkyblinker945,x5Ke7#yqTF,deepshoes823@gmail.com,Dallas
Bobby Johnson,burpingnightmare355,iAtNOcf3%j,foldingwindow502@yahoo.com,Dallas
Barette James,snarkystinker712,GZc&V^4bpe,dailybike78@163.com,Dallas
Gunther Maxwell,hipshark552,%fwS0blFf0,slimysnake947@gmail.com,Dallas
Jenny Lin,darkfigher628,rI6vt70P#b,mostlyrug473@gmail.com,Dallas
Dan Parker,dinkypopeye108,OP8h7nhWw0,olddrum822@gmail.com,Dallas
Franz Feldman,sugaryliner168,dj3FAU%EE8,soiledsnake360@yahoo.com,Dallas
Oscar Young,burpinghorse714,1nEtsg2Ie#,acientchrysler809@gmail.com,Dallas
Victor Smith,blindbum976,lf1E$3iXxa,clamyjeep169@163.com,Dallas
Richard Rothschild,snarkypopeye196,sF5i&YklL&,milkytire691@qq.com,Dallas
Gunther Jordan,sugaryfigher617,eZHhdu0oXt,lostchrysler403@outlook.com,Washington D.C.
Gunther Lenz,sugarymonkey485,Lg83Ekj4wn,retiredrug998@yahoo.com,Washington D.C.
Teddy Jackson,lunarstinker930,&ujOqvbzup,slimyspice540@163.com,Washington D.C.
Lina McGrady,fiestynightmare93,j4xMB4fJzx,replacementcola583@163.com,Washington D.C.
Ryan Feldman,hipmoves91,WpEN&f@Pbm,lostsub349@gmail.com,Washington D.C.
Eva Riley,darkpopeye522,fJnJOeimef,tiredrug873@163.com,Washington D.C.
Blanche Goldstein,lamestripe577,Cp%MaAMX9D,replacementspice799@qq.com,Washington D.C.
Matt Hogan,snarkydocker314,NpDgPHzSNN,acientspice952@gmail.com,Washington D.C.
Jasmine Wang,snarkydocker768,shs^YVzLKb,dryhat911@yahoo.com,Washington D.C.
Johnny Jackson,fiestyfigher588,&7zMyxIzLM,acientsnake555@gmail.com,Washington D.C.
Ryan Kruger,sugaryfigher806,MrZ9rGKZwt,deepsnake659@163.com,Washington D.C.
Otto McGrady,sleepyblinker405,AQzVMZKlAb,dirtyshoes356@yahoo.com,Washington D.C.
Eric Wang,sugaryliner810,h3IBZbn7YT,replacementtide600@outlook.com,Washington D.C.
Coco Barker,lamewheels843,$AQuz^IS7C,retiredchrysler146@outlook.com,Washington D.C.
Dan Jackson,spikeypants905,809Tw8F1hP,milkydrum700@yahoo.com,Washington D.C.
Jasmine Parker,slipperypants288,8BepZNw@dV,foundtire657@outlook.com,Washington D.C.
Owen Lin,spikeyhorse877,Dov0sg8LTO,buriedjug901@qq.com,Washington D.C.
Jenny Dunn,fruitybacon797,H7CkdZ^@6U,deephat767@qq.com,Washington D.C.
Sammy Jones,hiptiger842,MR&^6kThFi,deepcola862@outlook.com,Washington D.C.
Dan Morgan,spookypants292,m7c$#Cj&jj,tiredbike897@qq.com,Washington D.C.
Matt Rothschild,lamestinker892,wvjrfEbnFc,clamywindow198@outlook.com,Washington D.C.
Dan McGrady,droopypants686,R1eFVMcV%l,dailybike96@outlook.com,Washington D.C.
Patricia Rothschild,lameshark103,eYO3Az7se^,slightlycup436@yahoo.com,Washington D.C.
Matt Smith,blinkingbacon14,$Pei0E7ziz,hottire211@outlook.com,Washington D.C.
Patricia Xu,lunarwheels642,qCmSOgaJ6X,slightlychrysler546@gmail.com,Washington D.C.
Teddy Jordan,hairyguitar306,H!ASH@ozbz,clamyblanket565@outlook.com,Washington D.C.
Matt McGuiness,burpingdrifter340,c1sQ2XQVk6,dailyshoes233@gmail.com,Washington D.C.
Larry Oneal,spookyliner812,dH7eTtrHrp,tiredsub5@gmail.com,Washington D.C.
Ryan Parker,dinkyliner500,%8&lyprIxh,foldingskates420@gmail.com,Washington D.C.
Holly Dunn,darkliner101,AusdRUBA^l,dirtysnake317@163.com,Washington D.C.
Nora Austin,slipperydocker413,cZbTFPiwKy,freshytide573@yahoo.com,Washington D.C.
Yolanda Riley,hipliner156,Fdbz54jUA6,dirtywindow48@qq.com,Washington D.C.
Lester McGrady,blinkingeyes855,Rtnk$V5#zc,hottide136@yahoo.com,Washington D.C.
Cindy Xu,burpingmoves569,bkxa6S0cm%,clamyspice605@yahoo.com,Washington D.C.
Yolanda McGuiness,fierystripe199,s1vWYFbNCY,slightlydrum888@yahoo.com,Washington D.C.
Oliver Wang,spicyliner122,d15!3e$$8P,buriedtire678@yahoo.com,Washington D.C.
Angela Oneal,hairyshark405,46$iPZ4O@d,buriedblanket280@gmail.com,Washington D.C.
Holly Lenz,lunareyes134,GE!4xqL#ht,buriedhat948@gmail.com,Washington D.C.
Holly Jones,hairybacon224,Iq3Y9X6Vaq,usedsnake976@gmail.com,Washington D.C.
Ryan Parker,darkstripe932,Wk$uOo0ulx,newbike169@gmail.com,Washington D.C.
Patrick Park,blindbum530,M%rvi4AMNv,soiledsub30@qq.com,Washington D.C.
Dan Smith,hairyeyes360,Jn4I#9RjDd,foldingchrysler304@outlook.com,Washington D.C.
Frank McGrady,spicybum928,5fFVoNp5fy,hotsnake106@qq.com,Washington D.C.
Grace Barker,fiestyliner459,bFf@lyxLtQ,slimycup494@qq.com,Washington D.C.
Alex James,spicyguitar785,!&V&aFCP$G,soiledrug494@163.com,Washington D.C.
Jenny Jones,fruitytiger122,aec#yGxX&S,oldsnake198@outlook.com,Washington D.C.
Wendy Morgan,lunarblinker18,E0RAan5wbn,deepshirt307@yahoo.com,Washington D.C.
Olivia Zhu,lamehorse584,@^QMpfjeaZ,soiledcola253@163.com,Washington D.C.
Angel Xu,spikeywheels692,d6z#3fM&!G,clamytire323@outlook.com,Washington D.C.
Eric Lowenstein,fieryeyes717,y91AE2MzBB,moistcola824@gmail.com,Washington D.C.
Frank Lenz,burpingpopeye167,T2a5wSZb5I,extrahat650@yahoo.com,Washington D.C.
Helen Wang,blindguitar442,2XL7XFgT^5,lostblanket503@163.com,Washington D.C.
Maddy BradleyWoods,hairynightmare420,kEWhIzuu2E,clamytire651@gmail.com,Washington D.C.
Abe Feldman,spookymoves656,F0tTR246Wg,replacementshirt545@gmail.com,Washington D.C.
Blanche Feldman,sleepywheels151,8qbkwaf0YH,moistspice161@163.com,Washington D.C.
Michael McGrady,sleepyguitar586,Da!c%IM^kJ,oldshirt546@gmail.com,Washington D.C.
Alex Kruger,spikeypants734,6LLBe@YWZS,slightlywindow230@qq.com,Washington D.C.
Josey Liu,sleepystripe293,Qslh4IF^@C,freshybread731@163.com,Washington D.C.
Teddy Young,darkmoves277,duFysWaY2j,replacementbike875@qq.com,Washington D.C.
Larry Austin,spookyguitar151,QLg6wPI%GN,tiredsnake664@outlook.com,Washington D.C.
Franz Morgan,fierydocker123,zcZg!iaxG4,extrawindow359@outlook.com,Washington D.C.
Barette Rothschild,hipliner423,sOhXZs5Ktz,foldingtire66@outlook.com,Washington D.C.
Skylar Li,spookybum230,4ldL5Ko#xV,buriedshirt699@gmail.com,Washington D.C.
Nora Smith,spookyfigher673,@iHN$wwY%p,buriedjug927@qq.com,Washington D.C.
Michael James,fiestystinker396,jcuOHb0qy$,freshybike569@163.com,Washington D.C.
Patricia Feldman,hairypants966,YNvxuuhTXG,replacementbike548@163.com,Washington D.C.
Oscar Morgan,fieryfigher87,YQSbmiP2xb,usedrug746@outlook.com,Washington D.C.
Alex Feldman,blinkingdrifter425,YgJBjl6aPR,foldingskates208@gmail.com,Washington D.C.
Yvonne Wang,dinkytiger927,mPL^Yj^!rc,slightlycup586@163.com,Washington D.C.
Helen Austin,dinkyfigher88,sM#jRKG0gs,slightlytide309@yahoo.com,Washington D.C.
Gunther Jackson,lamedocker51,o3&neTTfYh,replacementsub16@163.com,Washington D.C.
Sunny Jones,spikeypopeye449,KNp@oSxX!9,extrabread562@outlook.com,Washington D.C.
Franz Rothschild,snarkypopeye251,J1Lj&5YC9o,milkyblanket221@qq.com,Washington D.C.
Matt Dunn,snarkymonkey203,Czo24PWtVF,slightlyspice55@gmail.com,Washington D.C.
Judy Li,fieryhorse259,6Dz&yav2W@,slightlybike13@yahoo.com,Washington D.C.
Howard Zhang,dinkypopeye543,VrMU4arfee,moistdrum752@qq.com,Washington D.C.
Oscar Dunn,dankdrifter616,37qLUdszis,moistcup496@gmail.com,Washington D.C.
Patricia Lenz,dankpants349,5%hXOVo&Je,foldingtire631@163.com,Washington D.C.
Eva Dunn,fierypopeye350,5G9X6FE6wJ,oldjug810@qq.com,Washington D.C.
Bobby Lowenstein,darkliner209,Edc&V^9szz,acientspice814@outlook.com,Washington D.C.
Skylar Johnson,burpingfigher77,oJBJN^OuJc,replacementspice591@163.com,Washington D.C.
Violet Feldman,lametiger989,AgSS#4SnhA,fishycup117@163.com,Washington D.C.
Violet Kruger,spikeypants888,^m1MKkcQK%,retiredtide905@qq.com,Washington D.C.
Oscar Li,hairyeyes196,T^trnkenC&,oldtire137@qq.com,Washington D.C.
Howard Dunn,blindguitar30,RAYShxoidf,tiredhat236@yahoo.com,Washington D.C.
Albert Young,spookystinker570,zNTUUgpwuF,slimyskates612@outlook.com,Washington D.C.
Sunny Kruger,sugarycat68,qJsqXYAaU%,foldingshoes858@qq.com,Washington D.C.
Oscar Austin,dinkycat55,VgBINTRm#j,foldingshack148@gmail.com,Washington D.C.
Olivia Ma,fierywheels48,W@Nu77LJnA,usedbread568@163.com,Washington D.C.
Oscar Kruger,dinkymoves413,$9&WQN5$qQ,newjeep444@outlook.com,Washington D.C.
David Ma,sugaryblinker753,%ik%ZA^i1z,coldshirt926@163.com,Washington D.C.
Helen Johnson,sugaryhorse870,a!IrmggpKV,dirtychrysler281@163.com,Washington D.C.
Matt Park,snarkyblinker449,bu9A$K8v0q,dailyspice943@163.com,Washington D.C.
Alex Baker,burpingdrifter432,#MYlV6DY#z,hotshirt172@qq.com,Washington D.C.
Helen Lowenstein,hipwheels890,gG%GOWLq@^,colddrum537@yahoo.com,Washington D.C.
Owen Johnson,spicyfigher926,^D2PU^%9R#,freshyrug42@qq.com,Beijing
Teddy Jackson,fiestybacon255,^8SOdg0GFu,drysub137@outlook.com,Beijing
Edgar Zhang,spookyblinker381,4PXUgsRfw8,hotcup940@outlook.com,Beijing
Amy Liu,spookyshark508,nJ&0Nc^xfi,soiledbeans664@outlook.com,Beijing
Patricia Jackson,hipmonkey786,^%SIqolrUF,buriedwindow794@yahoo.com,Beijing
Victor Lowenstein,lunarmonkey891,!uagLRsvGw,replacementhat268@qq.com,Beijing
Wayne BradleyWoods,sleepystripe366,db6DSes3V0,lostskates583@163.com,Beijing
Oscar Xu,lunardocker70,OTn9Q73lK3,tiredskates490@gmail.com,Beijing
Patrick Lenz,droopypopeye143,Cc$PNAhaEb,hotcup894@163.com,Beijing
Frank Kruger,fruitycat27,gFhv6iyzrM,extrashoes369@outlook.com,Beijing
Eric Lin,droopynightmare553,@P&EKMTU7s,soiledsub160@yahoo.com,Beijing
Alex Liu,fruityliner770,VTHPXUfZO@,milkydrum471@163.com,Beijing
Oscar Young,fieryblinker705,cvJMElbmC8,clamywindow857@yahoo.com,Beijing
Cindy Lenz,spookyhorse595,GhcOJ3VAoh,foldingsnake99@qq.com,Beijing
Yolanda Feldman,lamepopeye707,ubn6ZDzzN&,mostlytire665@163.com,Beijing
Amy Dunn,blinkingshark902,krk8MTHW17,freshywindow51@outlook.com,Beijing
Otto Xu,fiestyshark257,4PQl58&9xK,dailyspice87@yahoo.com,Beijing
Michael Kruger,spikeyhorse656,W^rHosnPAC,newhat705@yahoo.com,Beijing
Josey Barker,darkhorse962,^M%AMRAWcq,deepbeans875@qq.com,Beijing
Larry Xu,dinkynightmare88,5dNyr0fqCY,soiledrug174@yahoo.com,Beijing
Violet Kruger,sleepybum321,El9&RS#9JN,acientjug849@gmail.com,Beijing
Howard Feldman,blindcat231,K4RRo8rwcf,slightlyjug290@qq.com,Beijing
Albert Kruger,blinddocker715,71FezfsjAT,deepsnake396@163.com,Beijing
Eva McGrady,snarkymoves298,pw3w45K2X^,coldshack63@qq.com,Beijing
Howard Lowenstein,sugaryfigher921,0W#AG$nvd^,oldwindow763@yahoo.com,Beijing
Ryan Barker,spookyliner533,bI%6Jgz1q@,soiledjug360@yahoo.com,Beijing
Jenny Riley,sugarybacon219,cCnydHb#AU,deeptire245@qq.com,Beijing
Abe Hogan,spicyguitar404,oWRGq1tV7j,hotsub233@gmail.com,Beijing
Skylar Baker,dinkystinker646,D1Z&M0vyaH,buriedcup310@outlook.com,Beijing
Albert Feldman,droopymonkey378,6@bj&KUB7k,moistcup626@163.com,Beijing
Patricia Rothschild,droopybum999,BC7uGEbJfY,lostsub509@yahoo.com,Beijing
Amy Morgan,hipfigher943,AdrX^AvG4X,foundshack537@qq.com,Beijing
Larry McGrady,lunarfigher4,R$uzo#&izk,tiredsub722@163.com,Beijing
Maddy Smith,fierystripe967,nqm4f4PhdS,soiledshack984@163.com,Beijing
Amy James,blindmonkey721,IKnEnKnlVb,foundbike537@163.com,Beijing
Edgar Oneal,spicymonkey662,YrU5UxFAFE,slightlywindow137@qq.com,Beijing
Ryan Kruger,droopyfigher55,UMjXjk5ke6,buriedtire207@gmail.com,Beijing
Frank Feldman,snarkyhorse372,Qi6Ctz6YrB,freshyspice204@outlook.com,Beijing
Cindy Lenz,danknightmare205,D#lQFlUWCE,soiledtide430@outlook.com,Beijing
Wayne Jones,fieryshark850,dZizaJP0C1,freshytire380@163.com,Beijing
Edgar McGrady,spikeydocker838,S9!LONvDpt,mostlyshirt500@163.com,Beijing
Olivia Jordan,hairyliner69,sGHgcy&NeM,dailybeans981@gmail.com,Beijing
Oscar Liu,hairydocker652,DD$0Z#jV&f,hotblanket621@gmail.com,Beijing
Edgar Johnson,blinkingmonkey845,b9i@$JJW7B,replacementshoes36@gmail.com,Beijing
Kelly Zhu,fruitystripe188,I0PUw9XuU$,buriedshirt115@yahoo.com,Beijing
Jenny Parker,blinkingstinker331,NxG%607AMW,extrachrysler578@outlook.com,Beijing
Alex Park,fiestypants736,K0TM^aznjt,fishyblanket703@gmail.com,Beijing
Violet Barker,fiestyblinker841,@psncdQGud,lostwindow390@gmail.com,Beijing
Frank Oneal,fiestyeyes3,ISWhpZZHe4,newspice843@gmail.com,Beijing
Eric Li,lamebacon729,uFm$C@hsA3,coldrug83@yahoo.com,Beijing
Ryan Lin,blinkingstinker266,vKs2MlaAK4,dailyspice313@gmail.com,Beijing
Oscar Barker,sugaryblinker323,Ov!aNi7Kpa,lostbike893@outlook.com,Beijing
Patrick Maxwell,sleepymoves899,2pBXYHFzD2,fishydrum599@163.com,Beijing
Victor Smith,darkpants699,SA0RVbEFOD,lostskates393@qq.com,Beijing
Oliver Feldman,blindtiger999,EEA!wtI2i@,mostlyspice474@yahoo.com,Beijing
Ryan Ma,spookypopeye908,AsgM9M7AQa,moistcup595@outlook.com,Beijing
Coco Dunn,slipperyfigher486,RFFwhdMbB9,deeprug190@yahoo.com,Beijing
Jenny Jackson,hairyeyes717,9iyOUuW5YU,freshycola351@qq.com,Beijing
Angela Johnson,dankpopeye777,7F76JxEjJu,lostjug315@yahoo.com,Beijing
Nora Johnson,fierybacon987,hzmQx758Gc,newshirt132@yahoo.com,Beijing
Patricia Hogan,lamenightmare666,DfxKQ&X2kM,acientspice799@yahoo.com,Beijing
Nora James,spookystripe367,#k%v4gL^ZD,tiredtire369@yahoo.com,Beijing
Abe Baker,spookywheels133,F$EY4Lqyk5,lostblanket281@qq.com,Beijing
Abe Jones,spicystinker856,tQKfja6tKH,usedcola410@outlook.com,Beijing
Sammy BradleyWoods,slipperyeyes425,APJzgJJ@vu,oldspice866@163.com,Beijing
Barette Xu,lunarguitar285,gu5nymoVS0,retiredrug224@qq.com,Beijing
Larry Oneal,blinkingmonkey772,dvYWBJf@tH,slimyjeep670@gmail.com,Beijing
Yvonne Wang,snarkytiger777,7B$eFgxbbA,moistsnake997@163.com,Beijing
Albert Rothschild,spikeymonkey236,rodHpk$l0r,buriedrug530@outlook.com,Beijing
Amy Maxwell,fierydocker355,MLNnvUth&r,slimyshoes43@qq.com,Beijing
Michael Lin,sleepydrifter857,lRm6sFMxeJ,burieddrum15@gmail.com,Beijing
Wendy McGuiness,fruitybum175,IsftfHf2LV,buriedcup124@yahoo.com,Beijing
Olivia Park,hipstinker380,U8ShuhMRok,coldrug976@yahoo.com,Beijing
Dan Park,darkbum762,shI70zn%vZ,dailydrum264@gmail.com,Beijing
Nora Baker,lamedocker934,WC@Af!B&GB,soiledblanket478@outlook.com,Beijing
Lester Morgan,sugarytiger114,tg0HSvH18N,fishyshoes979@qq.com,Beijing
Violet Smith,hairydrifter760,9KjtJ#soL2,newsnake440@gmail.com,Beijing
Cindy Liu,dankdrifter793,y!sf7J@0e^,usedjeep501@outlook.com,Beijing
Lina Austin,burpingcat586,HCLFIXShDb,coldcup403@outlook.com,Beijing
Olivia Ma,hipcat876,YTB1^PLn4f,freshytide794@qq.com,Beijing
Jenny Li,spookybum140,dh8h8wQsTS,oldsub951@163.com,Beijing
Josey BradleyWoods,spookyliner508,f$U@hYcOEE,retiredtire193@yahoo.com,Beijing
Angela James,fruityfigher676,9l0zwgwhp5,lostbike784@outlook.com,Beijing
Howard BradleyWoods,dinkystripe767,tNBwaCjZz!,mostlycup968@yahoo.com,Beijing
Wayne Goldstein,dinkyhorse518,0^zqOIR&@L,foundbeans91@163.com,Beijing
Sammy Jordan,darkguitar796,LGIT9v9PLN,mostlyblanket953@163.com,Beijing
Barette Parker,fruitytiger829,L^&DI0oM8p,newsnake379@163.com,Shanghai
Angel Baker,blinkingbum283,NDzYfCLHuh,freshydrum128@qq.com,Shanghai
Yvonne Liu,blindtiger224,Q!70QqYTyR,dailywindow783@qq.com,Shanghai
Lester Jordan,dankmonkey361,!#w&h$A2O3,replacementrug659@gmail.com,Shanghai
Frank Park,snarkymoves537,EfU8TAT87!,buriedcup729@outlook.com,Shanghai
Owen Maxwell,burpingfigher313,NXc56^sk6G,dailybeans446@yahoo.com,Shanghai
Yolanda Zhang,fruitystinker577,dOUHe5V^%D,buriedwindow446@outlook.com,Shanghai
Eva Rothschild,fruitywheels138,jba40uDLcl,soiledblanket652@gmail.com,Shanghai
Dan Lenz,fierymoves422,rIKJZD8MD^,slightlychrysler47@gmail.com,Shanghai
Owen Kruger,slipperymoves45,95!y5&3C7A,dirtyspice38@163.com,Shanghai
Lina Maxwell,droopytiger806,dyh#ZtlETm,clamyspice37@gmail.com,Shanghai
Angela Riley,hipliner501,YnwZgMafGE,dailycup358@yahoo.com,Shanghai
Victor Wang,darkdocker116,ew3GOfQ@YZ,replacementwindow606@outlook.com,Shanghai
Gunther Johnson,blindstripe172,2LgRwwPE12,soiledspice423@gmail.com,Shanghai
Matt Lin,fieryeyes540,ct5vCQ1eYv,hotbeans567@qq.com,Shanghai
Coco Oneal,dinkyliner624,Mho6Dx#yrK,foundjeep250@qq.com,Shanghai
Yolanda Lowenstein,sugaryhorse88,gUbPwOzUiO,newhat584@gmail.com,Shanghai
Patrick Zhu,darknightmare436,0VrB6UUVue,fishycup876@qq.com,Shanghai
Wayne Jones,snarkydocker974,yXKyuq$#jO,extrashirt316@yahoo.com,Shanghai
Wendy Xu,spicyhorse568,WwmjCO&rQT,foldingrug539@yahoo.com,Shanghai
Yolanda Barker,droopypants72,%UNTDlEd7d,oldrug449@qq.com,Shanghai
Harry Johnson,spicydrifter588,P@#$$4REZ@,usedspice992@gmail.com,Shanghai
Blanche Lin,spicypopeye800,SjuI9bn8a#,slimywindow139@gmail.com,Shanghai
Franz Johnson,sugaryhorse406,jur6G!dzW9,foldingjeep939@qq.com,Shanghai
Larry Xu,darknightmare495,DAN8@%G3FN,foundtire923@qq.com,Shanghai
Frank Smith,snarkybacon229,$qBcH5LCXG,freshyrug186@163.com,Shanghai
Lester Smith,fruitypants92,chp4MWXi4c,acientshoes215@outlook.com,Shanghai
Otto McGuiness,fiestystinker116,C@ZW^AZOVr,replacementbike38@yahoo.com,Shanghai
Grace Zhu,fiestyshark708,ZsLFWsq^&b,clamybike977@163.com,Shanghai
Larry Zhu,burpingpopeye26,nOr47aihRD,extrawindow760@gmail.com,Shanghai
Dan McGrady,blindblinker720,NfBUe1BrW4,slightlybread907@outlook.com,Shanghai
Owen Kruger,blinkingstinker669,XPg0%reu5W,lostskates470@gmail.com,Shanghai
Cindy Feldman,lameguitar889,t3By%&bgsJ,deepshack742@gmail.com,Shanghai
Albert BradleyWoods,snarkyeyes495,EjrPhdHzJj,extrabeans516@gmail.com,Shanghai
Violet Goldstein,snarkybacon450,z6IX58!VVb,newspice777@163.com,Shanghai
Angela Li,fruitydocker651,44yM&WpD7n,mostlycup165@yahoo.com,Shanghai
Larry James,slipperyhorse263,7RC1XE$acR,lostrug682@163.com,Shanghai
Jenny Morgan,blinkingguitar987,RfajzIJbzf,foundhat456@outlook.com,Shanghai
Frank Barker,lameliner353,NO9jwOJULH,acientbread947@163.com,Shanghai
Sarah Baker,blindtiger9,JGekGxO@53,foundsnake177@163.com,Shanghai
Holly Zhang,dinkymonkey156,L%Af$h5E4z,coldchrysler584@outlook.com,Shanghai
Eric Li,fruitymonkey691,U2se2XYcZy,freshytide614@gmail.com,Shanghai
Lina Zhang,danktiger312,i$0M@GotKG,extrasnake858@gmail.com,Shanghai
Yvonne Oneal,blindfigher596,$HusqsekOz,moistshoes107@qq.com,Shanghai
Skylar Zhu,spikeyeyes158,A9VU&i0ez&,newspice255@outlook.com,Shanghai
Coco Feldman,fierymoves796,ryxD9qxzp0,freshyblanket453@gmail.com,Shanghai
Harry Morgan,spookynightmare233,yq#$zu3lDq,foundwindow771@qq.com,Shanghai
Oliver Dunn,dinkyshark606,NvuUTE@PAT,coldsub278@yahoo.com,Shanghai
Skylar Barker,spicyhorse570,QF#eEEK6Ej,fishyhat971@outlook.com,Shanghai
Richard Zhu,blinkingpopeye564,9l1hj3bm9D,tiredbeans817@gmail.com,Shanghai
Wendy Jordan,dinkystripe124,kLuG$3wY2a,slimychrysler684@yahoo.com,Shanghai
Sammy Lowenstein,blindbacon941,pu9#pSdURQ,dirtysub781@yahoo.com,Shanghai
Yolanda Smith,fieryhorse242,2buhfwWlRY,tiredcola21@yahoo.com,Shanghai
Matt Parker,spookyfigher880,vRu5Rn4em&,deepbread26@qq.com,Shanghai
Sammy Park,dankbacon326,z1E1dghZUc,clamysnake136@163.com,Shanghai
Bobby BradleyWoods,sleepystinker397,o6jZD&L&zB,hotcup999@163.com,Shanghai
Larry Johnson,lunarbacon492,^Y!y!5nmyl,hotwindow831@outlook.com,Shanghai
Wendy BradleyWoods,blinkingdocker536,3!^!uQ5eiR,tiredchrysler382@163.com,Shanghai
Bobby Jones,slipperystripe610,WJwi13POEr,replacementsnake675@outlook.com,Shanghai
Jasmine McGuiness,burpingfigher907,56$D&nS@d6,replacementdrum717@163.com,Shanghai
Maddy Oneal,blinkingcat978,pf7lteF5HZ,soiledwindow838@yahoo.com,Shanghai
Amy Wang,sleepydocker759,nlZowCpid1,dailytire10@yahoo.com,Shanghai
Violet McGuiness,spikeyshark220,84UVmKg@Zc,mostlychrysler142@qq.com,Shanghai
Jenny Hogan,dankpants853,pepa^NiE$1,fishyrug380@163.com,Shanghai
Cindy Lenz,burpinghorse755,vkRewd@Dia,deepbread381@yahoo.com,Shanghai
Judy Feldman,spicyshark958,HAXaOqCbsi,oldspice340@163.com,Shanghai
Blanche Rothschild,sleepyhorse237,KT8vzocOyv,moistcola199@qq.com,Shanghai
Gunther Baker,blindwheels368,irRm%0A5CP,milkytire61@yahoo.com,Shanghai
Sammy Ma,spookybacon735,t@uxQL@Y@g,retiredbeans922@gmail.com,Shanghai
Richard Maxwell,fiestyfigher362,jCOgUVXxWU,freshyjug542@qq.com,Shanghai
Patrick Xu,blinkingliner616,0qa7hKrnrp,mostlywindow744@qq.com,Shanghai
Edgar Jackson,lunareyes216,LNhCeR3j23,newshoes633@163.com,Shanghai
Grace Lowenstein,sleepynightmare317,a@L#!xW9x5,coldcola526@163.com,Shanghai
Sarah Johnson,spookyguitar296,ZZ%059Gtx^,slightlyshoes531@qq.com,Shanghai
Barette Hogan,blinkingshark813,vrpE0zARk@,acientspice189@163.com,Shanghai
Gunther Liu,blinkingdrifter152,Zsq$pQqMY$,coldskates31@gmail.com,Shanghai
Harry Feldman,fiestymoves720,uS$$gSOjZc,freshytire179@outlook.com,Shanghai
Holly Xu,spikeystinker808,B#31pmMlVm,newbeans217@yahoo.com,Shanghai
Kelly Young,spikeyliner453,zacuf7YHJl,clamyjeep797@outlook.com,Shanghai
Judy Zhang,blinkingstinker530,0MJHSc&aOh,milkysub116@yahoo.com,Shanghai
Angela Austin,lunardocker507,FVFfRfMcBr,oldblanket634@yahoo.com,Shanghai
Sarah Smith,sugarybum635,f&##PvB2v1,tiredhat748@yahoo.com,Shanghai
Lina Barker,darkstripe572,^&zzSrsb13,extradrum718@gmail.com,Shanghai
Helen Zhu,fierytiger98,HIX6jD%afx,soiledsub246@outlook.com,Shanghai
Yolanda Jones,sugaryliner76,Mzv6CyE3wK,deepblanket891@outlook.com,Shanghai
Teddy Goldstein,blinkingpopeye601,K!xGg&p8#O,foldingwindow359@outlook.com,Shanghai
Blanche Zhu,hipwheels239,DbucX#MwGm,moistbeans625@yahoo.com,Shanghai
Oscar Young,blindstripe154,32dNdn%aMM,newblanket921@yahoo.com,Shanghai
Patricia BradleyWoods,sleepywheels393,!V99QN0Oui,milkychrysler100@gmail.com,Shanghai
Eva Zhang,dinkyblinker976,nLeFjRvCv3,newchrysler620@yahoo.com,Shanghai
Michael Xu,spikeyshark898,@K3gSd@2#q,usedjeep425@outlook.com,Shanghai
Holly Park,lunarblinker353,XFT#QHvTPP,slightlychrysler353@qq.com,Shanghai
Bobby Jones,hairyhorse229,$h67boemi#,usedhat751@qq.com,Shanghai
Kelly Maxwell,fruitystripe654,n!WA4nQ5#z,moistjeep527@outlook.com,Shanghai
Jasmine Park,slipperypants921,pskPKU1KvV,buriedspice689@qq.com,Shanghai
Grace Ma,spicyeyes959,xL692KUT!X,fishybeans629@qq.com,Shanghai
Coco Smith,fruitydrifter760,#A2Ne4kkER,soiledshoes666@outlook.com,Shanghai
Gunther Johnson,darkstinker876,bS@wzZJFtG,burieddrum36@qq.com,Shanghai
Amy James,lamewheels408,#pbSCmLCcS,drysnake204@gmail.com,Shanghai
Johnny Smith,fiestyfigher4,WTIEH9UQl$,fishyrug448@yahoo.com,Shanghai
Bobby Goldstein,sleepyfigher212,#mnTT&XLF#,milkyblanket205@yahoo.com,Shanghai
Larry Wang,sugarytiger899,K9z&Ulnsqv,deepcup89@qq.com,Shanghai
Sammy Dunn,hairyeyes589,7CmWFnWDql,hotshack160@outlook.com,Shanghai
Angela Goldstein,lamemoves591,$YQUoa1&Mj,newtire896@gmail.com,Shanghai
Albert Dunn,burpingstinker674,zqHZSQ&SrH,hotshoes609@163.com,Shanghai
Blanche Rothschild,spikeybacon274,eEDi#s!aTd,replacementskates478@yahoo.com,Shanghai
Victor James,blindliner165,ZPZ0CDUwzc,buriedspice543@yahoo.com,Shanghai
Cindy Young,dinkypopeye785,T#Ae3$u9c2,dailycup813@yahoo.com,Shanghai
Amy Maxwell,fiestypants671,GC@W!bspaw,foldingshack729@gmail.com,Bangkok
Jenny Dunn,fiestytiger984,bzphZgFrcS,drydrum859@outlook.com,Bangkok
Harry Morgan,darkstripe254,lEwUu#U4VK,deeprug481@qq.com,Bangkok
Oscar Liu,snarkydrifter48,#C9ByHFLsN,freshyskates489@yahoo.com,Bangkok
Grace Lowenstein,dinkypopeye877,phvuD9lI8E,hotbike959@outlook.com,Bangkok
Matt Lenz,droopydrifter369,caKXWz5R5R,dryjug552@gmail.com,Bangkok
Skylar Lenz,spicybacon524,jyrkz7D@3S,mostlyblanket933@yahoo.com,Bangkok
Teddy Goldstein,sugarybacon229,!T8sTMZwf7,moistcola120@gmail.com,Bangkok
Jasmine Baker,dinkybacon958,135e74h%3p,deeptire735@gmail.com,Bangkok
Nora BradleyWoods,blindguitar730,O!J2%ZQSib,slimyspice279@qq.com,Bangkok
Edgar Xu,spicypants368,0ZiQ4I0IHN,newchrysler981@gmail.com,Bangkok
Wendy Ma,blindstinker639,T$@6D1TjhZ,deepshack879@outlook.com,Bangkok
Ryan Barker,spookycat221,&rZ0rWtVub,buriedcola618@gmail.com,Bangkok
Angela Maxwell,fruitymoves16,6@gxGB2@TV,buriedtire367@163.com,Bangkok
Patrick Liu,burpingcat545,#4S9pRgQfN,hotspice38@yahoo.com,Bangkok
David McGrady,spookypopeye144,9nSOZSLTgP,soiledbread354@gmail.com,Bangkok
Ryan Morgan,spicyliner713,7UwUSmYuHA,moistsnake175@yahoo.com,Bangkok
Yolanda Lin,fruitybacon380,KTFMrsqZeX,dailychrysler726@outlook.com,Bangkok
Matt Johnson,fierywheels90,M8#kZJpZfU,soiledskates814@163.com,Bangkok
Johnny Oneal,burpingblinker545,dTJZ0&eYcD,slimycup306@yahoo.com,Bangkok
Johnny McGrady,hairymoves820,WN45FVPChg,newjeep849@qq.com,Bangkok
Owen Maxwell,sleepywheels785,hfn$YiAr2w,retiredshack97@gmail.com,Bangkok
Sunny Lowenstein,spikeymoves62,hopreM!IrB,freshyskates966@gmail.com,Bangkok
Howard Riley,burpingblinker39,Qp4pICWqF5,deeprug933@163.com,Bangkok
Angela Dunn,dankbacon949,l5yLiXA9V6,slimyskates788@outlook.com,Bangkok
Yolanda Xu,sugarypopeye731,jfcm@@L8X@,acientsnake134@outlook.com,Bangkok
Albert Zhang,lamebacon997,ta7f62#oP5,slightlycup6@qq.com,Bangkok
Ryan Park,burpingeyes779,^nU3iCD1Wz,coldbike895@yahoo.com,Bangkok
Dan Lowenstein,burpingbacon101,W2zcYo1#cW,drychrysler511@gmail.com,Bangkok
Otto Rothschild,fiestyguitar546,x9Pir^kMGT,dailyjug835@163.com,Bangkok
Angel Riley,hairyfigher577,8iH2Jn5Xam,moistwindow556@yahoo.com,Bangkok
Kelly Johnson,spikeyguitar45,dRJ#v!k7F%,hothat842@outlook.com,Bangkok
Dan Dunn,dankpopeye380,DsKshV5iy2,replacementsub369@qq.com,Bangkok
Wendy Zhu,hairyguitar751,5FOvMG@TCJ,dirtyspice29@outlook.com,Bangkok
Amy Rothschild,sleepywheels476,E^zNglJw74,losthat840@qq.com,Bangkok
Wendy James,fieryguitar852,x%j72v2mXM,mostlytire325@outlook.com,Bangkok
Howard Dunn,dankfigher817,7zhvsM^a!i,dirtyjug352@gmail.com,Bangkok
Matt Zhu,sleepycat643,9uIlk3zHf5,fishyshack419@163.com,Bangkok
Howard Wang,sleepybacon795,y40laoXekv,slightlycup905@outlook.com,Bangkok
Oscar Ma,fruitynightmare457,cZ2327LWcZ,dailyblanket972@163.com,Bangkok
Yolanda Kruger,spicyliner429,mjOn!KAI@6,slightlytire383@qq.com,Bangkok
Grace McGuiness,fiestypopeye804,sA0C^#U1lR,freshyjug19@outlook.com,Bangkok
Sarah Austin,sleepyguitar202,HgJug0Zbyp,hotbeans6@gmail.com,Bangkok
Helen James,spookytiger819,SLFi9DFUFJ,replacementbeans665@yahoo.com,Bangkok
Ryan Hogan,droopywheels492,I64HtI8J2I,hotwindow473@qq.com,Bangkok
Lester Rothschild,darkfigher851,Xax0nYNF6f,usedbike748@qq.com,Bangkok
Josey Riley,sleepystinker921,NsEBaCGsek,dirtywindow282@qq.com,Bangkok
Maddy Li,sugaryhorse333,l1e@z4YPiG,fishyspice921@outlook.com,Bangkok
Sunny Park,lunarguitar688,tnH4m#HHF@,hotblanket968@163.com,Bangkok
Otto Kruger,slipperyguitar622,xdbqJ0P0mJ,newdrum817@outlook.com,Bangkok
Abe Baker,blindguitar885,xpI&LuF#cZ,foundsub311@yahoo.com,Bangkok
Ryan Jordan,lamefigher322,8xDKTSoHua,newskates26@outlook.com,Bangkok
Franz BradleyWoods,spikeypopeye941,DRM#wo@J7&,hotwindow664@163.com,Bangkok
Howard Liu,hairytiger624,AXdW9Z9ok8,dryshoes626@gmail.com,Bangkok
Olivia McGuiness,droopymonkey276,&Gy3hKNdLn,lostskates238@qq.com,Bangkok
Alex Rothschild,darkhorse354,NNfjRndNSy,mostlyspice127@gmail.com,Bangkok
Barette Jackson,sugarybum295,7BgSO%d&vL,dailywindow992@gmail.com,Bangkok
Coco Lowenstein,blindguitar567,v^UCdaKBv1,moistcup153@163.com,Bangkok
Teddy Austin,droopytiger721,yjue@^IdXL,tiredskates27@163.com,Bangkok
Lester Lin,blinkingpopeye82,0^1ARoPmb0,lostrug937@outlook.com,Bangkok
Abe Dunn,burpingstinker698,D!UfNSj7xR,replacementbeans236@outlook.com,Bangkok
Grace Lenz,snarkycat957,Tb839NA9Mf,newbeans797@163.com,Bangkok
Victor Zhu,blinkingguitar792,9A3MRyDs7c,foundsub934@gmail.com,Bangkok
Grace Liu,hairypopeye24,!u2MaK2Cze,dailytire198@qq.com,Bangkok
Jasmine Hogan,hipnightmare916,DrVM9H#$4X,dailycola319@yahoo.com,Bangkok
Franz Hogan,blindwheels813,B^xxKJH$do,extrashack431@yahoo.com,Bangkok
Yvonne Wang,sugaryhorse468,ta6jRQexYN,extraskates964@163.com,Bangkok
Jasmine Wang,snarkyshark957,EnC4AewnTu,moistshoes897@163.com,Bangkok
Jenny Young,spookymonkey118,hS88dceZBQ,slightlytire774@163.com,Bangkok
Larry Baker,dankdrifter600,nH6pj6Q%gk,dailybike787@163.com,Bangkok
Harry Barker,burpingbum348,zFFL!c08Op,soiledskates976@163.com,Bangkok
Teddy Wang,sugaryliner800,mFbZF@dl@4,slightlychrysler303@163.com,Bangkok
Harry McGuiness,darktiger970,lxFGz69@A6,extrablanket867@gmail.com,Bangkok
Cindy Dunn,spookydocker172,d0OjQrdpVM,mostlyhat50@yahoo.com,Bangkok
Bobby Park,slipperymonkey148,oqCutlCpZ%,foldingdrum983@qq.com,Bangkok
Richard Morgan,dankstripe381,Tj@05cacgw,dryjug611@outlook.com,Bangkok
Olivia Ma,blindbacon409,^k&HtQLBYJ,dirtybread587@yahoo.com,Bangkok
Barette Wang,spikeytiger775,&vy8mK6rng,replacementshoes847@qq.com,Bangkok
Richard Hogan,sleepydrifter510,mPsxzOoLDg,milkyrug604@yahoo.com,Bangkok
Yolanda Zhang,fruitymoves149,cyAxmvarso,newcola758@qq.com,Bangkok
Lina Oneal,slipperybacon756,0ofrIeCsb9,dailytire690@qq.com,Bangkok
Coco Morgan,snarkyshark874,!ab$xCBDrB,slimybeans83@yahoo.com,Bangkok
Barette Oneal,sugarypants278,%DUE46Fv^I,foundcup206@qq.com,Bangkok
Cindy Lowenstein,fruityfigher343,wceLYRs%jN,oldjeep399@outlook.com,Bangkok
Maddy Barker,slipperybacon801,Mf7hxakdHM,dryjeep101@qq.com,Bangkok
Sammy Oneal,lamecat322,gWwuVj0Q1n,moisthat761@outlook.com,Bangkok
Violet Barker,hairydocker954,trZyrqo@UY,soiledhat176@outlook.com,Bangkok
Kelly McGrady,lunarblinker548,bAxe7^vp23,fishywindow973@outlook.com,Bangkok
Matt Hogan,spikeyliner999,3vLzqQkKKI,replacementshirt358@yahoo.com,Bangkok
Dan Kruger,sugarydocker627,GfjkHtaWR0,extrahat856@outlook.com,Bangkok
Grace Zhang,lunarfigher402,E4SGUqB8rL,acientbread9@outlook.com,Bangkok
Grace Maxwell,hairybum29,qVS09SKy%M,foldingspice440@outlook.com,Bangkok
Johnny Lowenstein,spookyguitar191,bbsV5t1SeO,slimytire237@gmail.com,Bangkok
Oliver Goldstein,dinkymoves603,p$MRofmiwX,tiredbread440@163.com,Bangkok
Cindy Rothschild,sugaryblinker19,fazu#CIgFQ,milkybeans665@163.com,Bangkok
Judy Hogan,sleepybacon19,4F$FNkHWLP,deepdrum298@yahoo.com,Bangkok
Bobby Ma,fieryguitar149,KxZmMFicnK,buriedjug172@yahoo.com,Bangkok
Josey Park,spikeyliner922,E96XyHu%Oj,lostdrum631@163.com,Bangkok
Franz Hogan,darkbacon609,f3vOj&ptyq,freshybread143@gmail.com,Bangkok
Edgar Jackson,dinkymoves397,cb5zMc7FfB,dryblanket964@gmail.com,Bangkok
Yolanda McGuiness,blinkingnightmare301,naA5NEnZVL,moistspice183@outlook.com,Bangkok
Kelly Zhu,fiestyblinker24,0@OFlrWegl,hotskates911@qq.com,Bangkok
Kelly Smith,fruityblinker950,P%EAdT%nCO,retiredsub891@163.com,Bangkok
Oliver Wang,droopypants808,GjaBMhwqMj,soiledrug637@163.com,Bangkok
Jasmine Morgan,dinkydrifter833,Iwysf202s9,clamyblanket28@outlook.com,Bangkok
Jasmine Johnson,fruitystinker811,DR&NrNZL6k,retiredskates875@outlook.com,Bangkok
Kelly Park,darkfigher813,qnIo&Sur32,milkytide461@outlook.com,Bangkok
Dan Young,snarkyshark700,mC2axkIG0u,mostlyblanket918@163.com,Bangkok
Abe Rothschild,spikeycat741,FLV!^h3C%7,acienttide795@yahoo.com,Bangkok
Matt Xu,dankdrifter586,vyDYajKYBq,foldinghat165@qq.com,Bangkok
Blanche Rothschild,dinkyhorse357,aaehRNi&KP,hotspice48@qq.com,Bangkok
Lester Xu,slipperyblinker519,cMpJrWIW1n,foldingwindow224@gmail.com,Bangkok
Coco Rothschild,lamepants90,@gGRfqQbD$,freshytide508@163.com,Bangkok
Otto Parker,fiestymoves61,nxrCKja0Mo,tiredspice581@qq.com,Bangkok
Wendy Rothschild,sleepyliner428,8#zM8!$JrA,tiredhat204@163.com,Bangkok
Bobby Parker,lunarstinker84,kM5AwPeAao,coldtire692@yahoo.com,Bangkok
Amy Smith,blindnightmare667,9CQxFGc65n,hotspice715@163.com,Bangkok
Sammy Maxwell,blinkingshark133,sYkbQ8p2sI,slightlytide674@outlook.com,Bangkok
Lina Oneal,hairydrifter11,T0QTUB%xTs,foldingsnake953@outlook.com,Bangkok
Harry Jones,fierymonkey615,TCJ1dtCuq5,freshydrum27@qq.com,Mesa
Yvonne James,blinkinghorse220,fb!uEvGV0$,moisthat885@gmail.com,Mesa
Jenny Jordan,fiestytiger48,^Hvql8Cg#9,newwindow185@outlook.com,Mesa
Amy Riley,spikeypopeye233,uTWuMrRwgO,oldtide62@qq.com,Mesa
Amy Maxwell,fieryhorse397,3zYFZwYRjj,retiredbeans380@yahoo.com,Mesa
Yolanda Jones,droopycat104,5W9LPAUjso,acienthat377@qq.com,Mesa
Violet Wang,blindcat860,gs&W%RZzC2,dirtysnake957@gmail.com,Mesa
Richard Park,spicytiger590,CGkpP#mKeJ,buriedjug233@yahoo.com,Mesa
Patrick Ma,hipbacon196,jPGLiwYpDw,clamyhat383@163.com,Mesa
Skylar Austin,sleepybacon459,NoGfk3dK#y,mostlyjeep956@outlook.com,Mesa
Holly Lowenstein,darkbum261,CkiTI0sgdg,replacementskates795@outlook.com,Mesa
Cindy Kruger,spookyguitar761,3xO!LGeR&K,buriedtide794@163.com,Mesa
Angela James,blindcat343,bCAP#8SQFE,clamyjug230@qq.com,Mesa
Eva Hogan,fruityguitar331,CXxo@$x1QB,tiredtide263@outlook.com,Mesa
Violet Maxwell,sleepyblinker890,eO&NvKKK4@,slimyrug453@gmail.com,Mesa
Franz Li,lamestinker881,u#@bwOX9%2,soiledjeep158@outlook.com,Mesa
Eva Lenz,dinkycat729,@NYdiDYB!%,dailyshack386@yahoo.com,Mesa
Maddy Hogan,darkblinker197,zckLx8GyJQ,replacementskates777@yahoo.com,Mesa
Larry Hogan,spikeydocker300,4!OEYjD%%E,freshycup995@163.com,Mesa
Ryan Dunn,droopyshark559,FrDfw&4Nbx,fishyjug479@qq.com,Mesa
Owen Kruger,spookymonkey728,9hyGztn$m2,replacementshoes858@gmail.com,Mesa
Amy Jordan,snarkystinker980,vCYcCgH3me,soiledshack25@qq.com,Mesa
Violet Parker,blindtiger347,WW6Mu0JABV,fishybike502@qq.com,Mesa
Holly Riley,hairyblinker849,l&dd@DjwBU,milkydrum371@163.com,Mesa
Michael Ma,sugarytiger273,0uCwYwx7wP,slightlyshirt196@outlook.com,Mesa
Gunther Jones,slipperyhorse985,@Vzsp6I%fb,mostlyrug152@qq.com,Mesa
Sarah Jones,lamehorse579,IhMJX0Km9!,newbread222@outlook.com,Mesa
Grace Jones,sugarystinker430,b9Ai78a0dg,buriedjeep923@yahoo.com,Mesa
Frank Wang,blinkingbacon96,MK8xgJTq&b,coldsnake27@gmail.com,Mesa
Jasmine Oneal,sugarymoves863,wFz7JQAni#,buriedbeans746@yahoo.com,Mesa
Jenny Kruger,burpingbacon51,auT@%esK5E,slimybread27@qq.com,Mesa
Jenny Jackson,spikeyeyes962,#cN@2Ldd6t,acientbread736@163.com,Mesa
Frank McGrady,spookymoves395,S5t%E!^Dxh,deeprug165@outlook.com,Mesa
Franz Zhu,fiestywheels714,0WIsuCHZqQ,fishycola451@outlook.com,Mesa
Yvonne Lowenstein,fruitywheels482,H2kUQI9Rnl,freshybread765@outlook.com,Mesa
Angela Hogan,hairyfigher312,cY$%kNZ1xC,usedwindow885@yahoo.com,Mesa
Violet Jordan,blinkingshark190,KFNxjKrCov,slightlychrysler739@yahoo.com,Mesa
Victor Barker,spookyshark23,Y&EM4@Fp7c,oldbeans441@qq.com,Mesa
Richard Feldman,hairymoves31,gmgFClqkyP,milkysub801@163.com,Mesa
Lina Parker,hairystinker396,tIdHqWEt1k,hotrug368@outlook.com,Mesa
Judy Jackson,lunarstinker927,H8zx1EZ2J#,usedrug938@yahoo.com,Mesa
Coco Jones,lunarshark180,fy3qU8FdZI,slimydrum148@outlook.com,Mesa
Richard Jordan,sugarydrifter13,6SUWMDdgnO,usedblanket979@163.com,Mesa
Cindy Lowenstein,lamedocker291,xVprO#k1eC,lostskates908@163.com,Mesa
Maddy Jordan,hipbacon430,0dASIo&Krk,acientrug262@gmail.com,Mesa
Owen Lenz,dankdocker540,t5LadEfO8Y,fishyshack946@163.com,Mesa
Eric Kruger,burpingmonkey684,edCLOVv%ZE,extraskates512@qq.com,Mesa
Patricia Feldman,dinkyeyes866,zxKuaNwZ60,dailytide471@outlook.com,Mesa
Abe Young,lamecat664,Nyaubf^ODh,deepshoes686@163.com,Mesa
Michael Oneal,snarkytiger295,2vt5#plPVf,moistbike306@yahoo.com,Mesa
Ryan Hogan,hairybacon616,MOR^u8jaNM,foundshack286@163.com,Mesa
Eva Lin,dinkyshark4,a5FZFnXWkg,mostlyshirt458@yahoo.com,Mesa
Barette BradleyWoods,fierymonkey422,!cUVRNfhch,soiledblanket200@gmail.com,Mesa
Coco Oneal,fierymoves683,CfbtTfLXw4,moisttide935@gmail.com,Mesa
Wayne Baker,slipperydocker219,UTv6Qng9G4,oldblanket905@163.com,Mesa
Barette McGrady,spookybacon608,nDz3C!avGw,newrug832@163.com,Mesa
Oliver Johnson,snarkymonkey171,OLvH$#kpUX,buriedcup948@163.com,Mesa
Grace Goldstein,fruityfigher425,L3gM@YyEYk,dryjeep934@gmail.com,Mesa
Larry Young,slipperyhorse363,5!ym5CBpod,dailywindow592@163.com,Mesa
Wendy Dunn,blindshark462,WONN#EJ0u^,slimyjeep502@163.com,Mesa
Matt Morgan,hippants871,LU@M2gzc7q,freshyjug894@yahoo.com,Mesa
Violet Xu,snarkyshark849,95Ik6#PjJL,soiledspice290@163.com,Mesa
Victor Feldman,lamehorse176,agLFhU^VzX,deepshack71@outlook.com,Mesa
Abe Zhang,dankliner928,A0RjWCT#Ef,slimyrug81@yahoo.com,Mesa
Josey Goldstein,fiestyguitar423,NGZOmUzaM9,freshyblanket717@outlook.com,Mesa
Ryan Xu,blindliner439,R^ZyInbSms,newbike501@163.com,Mesa
Victor McGuiness,sugarystinker872,inyPuA#3p!,slightlyhat370@outlook.com,Mesa
Angela Park,darkbum389,ejAKzsfATe,slimywindow631@163.com,Mesa
Josey Oneal,lameblinker605,DmnlJMt4Lq,mostlyjug823@yahoo.com,Mesa
Holly Liu,blindbacon569,^eVv@WKtGU,colddrum318@gmail.com,Mesa
Jenny Rothschild,darkbum324,riOK#gF4jA,buriedspice285@outlook.com,Mesa
Yvonne Lowenstein,burpingbum207,Rw9rvat1pk,lostspice859@gmail.com,Mesa
Lina McGrady,burpingtiger505,2ii0QGbHpJ,losthat823@gmail.com,Mesa
Larry Xu,dankmoves642,^IXMtojQEX,slightlysub732@qq.com,Mesa
Grace Jones,fiestydrifter143,kFNyhZq50v,foldingdrum2@163.com,Mesa
Nora Jones,lunarpopeye866,OXAn^Bg8#k,coldsub774@yahoo.com,Mesa
Matt Feldman,lunartiger176,LYQ^k53xBe,slimyshoes919@yahoo.com,Mesa
Angel McGrady,sugarycat507,U1VKD!xp5o,foldingwindow786@qq.com,Mesa
Maddy Lin,fiestyshark317,cUBE9dApHi,acientcup466@gmail.com,Mesa
Nora McGuiness,spikeystinker285,b!J0xffjXQ,clamyjeep185@163.com,Mesa
Barette Lowenstein,lamenightmare890,Ho^7i$fNM5,coldtire20@163.com,Mesa
Angela Smith,dankguitar37,WM7k#xG!2a,freshycola108@qq.com,Mesa
Amy Lowenstein,blinkingguitar250,n0B9Fjo!ZD,milkyspice620@qq.com,Mesa
Richard McGuiness,dinkymonkey572,Zyz^9nBFCu,usedjeep619@outlook.com,Mesa
Yvonne Lowenstein,lunarliner304,#7vb^JJ^#^,dailyrug68@gmail.com,Mesa
Olivia Morgan,burpingblinker131,HqZ7bqq$DP,oldchrysler400@163.com,Mesa
Harry Goldstein,blinkingdocker364,7CQ!EvC36D,coldsnake814@gmail.com,Mesa
Edgar Zhang,spookyliner719,h4!BFciARV,newjeep577@163.com,Mesa
Skylar Feldman,burpingguitar852,E!zcySV!Yv,clamysnake715@gmail.com,Mesa
Josey Johnson,fiestypopeye649,bRzYA@6UpJ,buriedtide314@outlook.com,Mesa
Edgar McGrady,blinkingfigher462,Yz&H9ONG7w,foundhat698@outlook.com,Mesa
Abe Morgan,spicyguitar417,h6U0%73T#6,fishyjug865@163.com,Mesa
Angela McGrady,spikeyblinker925,kFNwDcWe1a,dirtydrum825@gmail.com,Mesa
Sammy Feldman,burpingshark978,Jk0TyGPF1@,acientsub492@gmail.com,Mesa
Larry Barker,blinddrifter232,RrS8WYztyu,coldsub442@outlook.com,Mesa
Patrick Park,sleepystripe495,Bjf2ISwb2V,foundspice938@yahoo.com,Mesa
Michael Xu,fierymonkey561,x%TPaQxoRb,replacementshack38@163.com,Mesa
Barette Rothschild,dinkytiger859,#ju2Fk4n8t,retiredcola422@163.com,Mesa
Lina Morgan,dankdocker921,11NqiHSax3,fishyspice4@outlook.com,Mesa
Larry Li,slipperypopeye67,a72&ybFUgs,deeptide254@qq.com,Mesa
Michael Johnson,spikeybum953,P9gdrNqmpo,retiredwindow436@gmail.com,Mesa
Judy BradleyWoods,darkshark203,lYwIA2b7Iq,newtide937@yahoo.com,Mesa
Howard James,hipmonkey97,qk9bk0QoAU,lostblanket371@outlook.com,Mesa
Amy Oneal,fruityblinker707,CcwC^YtNNx,usedsub254@gmail.com,Mesa
Coco Smith,fierycat600,4xAkvVQoIu,slightlyhat58@gmail.com,Mesa
Eva Barker,fierymonkey787,oHVxwuXpRB,slightlyshack386@163.com,Mesa
Grace James,darkdrifter468,D6nqBQDwK5,replacementshoes137@outlook.com,Mesa
Abe Wang,spikeypants949,0MoAp!vnFv,foldingcola121@163.com,Mesa
Dan McGuiness,fruityblinker774,I7d7hYCvFt,usedtide801@yahoo.com,Mesa
Larry Feldman,lunarbum317,BGvcOwtiut,lostbeans767@yahoo.com,Mesa
